-19,-17,1prdZnf/tDWLrA/W27HeCGE1OEI=,69GknY5/ru7ZLiFXngWemb7y/gM=
-20,-17,1prdZnf/tDWLrA/W27HeCGE1OEI=,69GknY5/ru7ZLiFXngWemb7y/gM=
-21,-17,1prdZnf/tDWLrA/W27HeCGE1OEI=,69GknY5/ru7ZLiFXngWemb7y/gM=
-17,-17,1prdZnf/tDWLrA/W27HeCGE1OEI=,69GknY5/ru7ZLiFXngWemb7y/gM=
-18,-17,1prdZnf/tDWLrA/W27HeCGE1OEI=,69GknY5/ru7ZLiFXngWemb7y/gM=
-22,-17,1prdZnf/tDWLrA/W27HeCGE1OEI=,69GknY5/ru7ZLiFXngWemb7y/gM=
-23,-17,1prdZnf/tDWLrA/W27HeCGE1OEI=,69GknY5/ru7ZLiFXngWemb7y/gM=
-25,-17,1prdZnf/tDWLrA/W27HeCGE1OEI=,69GknY5/ru7ZLiFXngWemb7y/gM=
-18,-31,1prdZnf/tDWLrA/W27HeCGE1OEI=,69GknY5/ru7ZLiFXngWemb7y/gM=
-17,-32,1prdZnf/tDWLrA/W27HeCGE1OEI=,69GknY5/ru7ZLiFXngWemb7y/gM=
-24,-17,1prdZnf/tDWLrA/W27HeCGE1OEI=,69GknY5/ru7ZLiFXngWemb7y/gM=
-26,-17,1prdZnf/tDWLrA/W27HeCGE1OEI=,69GknY5/ru7ZLiFXngWemb7y/gM=
-17,-31,1prdZnf/tDWLrA/W27HeCGE1OEI=,69GknY5/ru7ZLiFXngWemb7y/gM=
-27,-17,1prdZnf/tDWLrA/W27HeCGE1OEI=,69GknY5/ru7ZLiFXngWemb7y/gM=
-23,-32,1prdZnf/tDWLrA/W27HeCGE1OEI=,69GknY5/ru7ZLiFXngWemb7y/gM=
-29,-17,1prdZnf/tDWLrA/W27HeCGE1OEI=,69GknY5/ru7ZLiFXngWemb7y/gM=
-18,-32,1prdZnf/tDWLrA/W27HeCGE1OEI=,69GknY5/ru7ZLiFXngWemb7y/gM=
-19,-32,1prdZnf/tDWLrA/W27HeCGE1OEI=,69GknY5/ru7ZLiFXngWemb7y/gM=
-30,-17,1prdZnf/tDWLrA/W27HeCGE1OEI=,69GknY5/ru7ZLiFXngWemb7y/gM=
-31,-17,1prdZnf/tDWLrA/W27HeCGE1OEI=,69GknY5/ru7ZLiFXngWemb7y/gM=
-28,-17,1prdZnf/tDWLrA/W27HeCGE1OEI=,69GknY5/ru7ZLiFXngWemb7y/gM=
-32,-30,1prdZnf/tDWLrA/W27HeCGE1OEI=,69GknY5/ru7ZLiFXngWemb7y/gM=
-22,-32,1prdZnf/tDWLrA/W27HeCGE1OEI=,69GknY5/ru7ZLiFXngWemb7y/gM=
-20,-32,1prdZnf/tDWLrA/W27HeCGE1OEI=,69GknY5/ru7ZLiFXngWemb7y/gM=
-21,-32,1prdZnf/tDWLrA/W27HeCGE1OEI=,69GknY5/ru7ZLiFXngWemb7y/gM=
-25,-32,1prdZnf/tDWLrA/W27HeCGE1OEI=,69GknY5/ru7ZLiFXngWemb7y/gM=
-26,-32,1prdZnf/tDWLrA/W27HeCGE1OEI=,69GknY5/ru7ZLiFXngWemb7y/gM=
-29,-32,1prdZnf/tDWLrA/W27HeCGE1OEI=,69GknY5/ru7ZLiFXngWemb7y/gM=
-27,-32,1prdZnf/tDWLrA/W27HeCGE1OEI=,69GknY5/ru7ZLiFXngWemb7y/gM=
-28,-32,1prdZnf/tDWLrA/W27HeCGE1OEI=,69GknY5/ru7ZLiFXngWemb7y/gM=
-19,-31,1prdZnf/tDWLrA/W27HeCGE1OEI=,69GknY5/ru7ZLiFXngWemb7y/gM=
-30,-32,1prdZnf/tDWLrA/W27HeCGE1OEI=,69GknY5/ru7ZLiFXngWemb7y/gM=
-31,-30,1prdZnf/tDWLrA/W27HeCGE1OEI=,69GknY5/ru7ZLiFXngWemb7y/gM=
-20,-18,1prdZnf/tDWLrA/W27HeCGE1OEI=,69GknY5/ru7ZLiFXngWemb7y/gM=
-32,-17,1prdZnf/tDWLrA/W27HeCGE1OEI=,69GknY5/ru7ZLiFXngWemb7y/gM=
-17,-18,1prdZnf/tDWLrA/W27HeCGE1OEI=,69GknY5/ru7ZLiFXngWemb7y/gM=
-19,-18,1prdZnf/tDWLrA/W27HeCGE1OEI=,69GknY5/ru7ZLiFXngWemb7y/gM=
-21,-18,1prdZnf/tDWLrA/W27HeCGE1OEI=,69GknY5/ru7ZLiFXngWemb7y/gM=
-22,-18,1prdZnf/tDWLrA/W27HeCGE1OEI=,69GknY5/ru7ZLiFXngWemb7y/gM=
-23,-18,1prdZnf/tDWLrA/W27HeCGE1OEI=,69GknY5/ru7ZLiFXngWemb7y/gM=
-31,-32,1prdZnf/tDWLrA/W27HeCGE1OEI=,69GknY5/ru7ZLiFXngWemb7y/gM=
-18,-18,1prdZnf/tDWLrA/W27HeCGE1OEI=,69GknY5/ru7ZLiFXngWemb7y/gM=
-28,-18,1prdZnf/tDWLrA/W27HeCGE1OEI=,69GknY5/ru7ZLiFXngWemb7y/gM=
-25,-18,1prdZnf/tDWLrA/W27HeCGE1OEI=,69GknY5/ru7ZLiFXngWemb7y/gM=
-30,-30,1prdZnf/tDWLrA/W27HeCGE1OEI=,69GknY5/ru7ZLiFXngWemb7y/gM=
-24,-18,1prdZnf/tDWLrA/W27HeCGE1OEI=,69GknY5/ru7ZLiFXngWemb7y/gM=
-29,-18,1prdZnf/tDWLrA/W27HeCGE1OEI=,69GknY5/ru7ZLiFXngWemb7y/gM=
-32,-32,1prdZnf/tDWLrA/W27HeCGE1OEI=,69GknY5/ru7ZLiFXngWemb7y/gM=
-26,-18,1prdZnf/tDWLrA/W27HeCGE1OEI=,69GknY5/ru7ZLiFXngWemb7y/gM=
-30,-18,1prdZnf/tDWLrA/W27HeCGE1OEI=,69GknY5/ru7ZLiFXngWemb7y/gM=
-27,-18,1prdZnf/tDWLrA/W27HeCGE1OEI=,69GknY5/ru7ZLiFXngWemb7y/gM=
-20,-19,1prdZnf/tDWLrA/W27HeCGE1OEI=,69GknY5/ru7ZLiFXngWemb7y/gM=
-20,-31,1prdZnf/tDWLrA/W27HeCGE1OEI=,69GknY5/ru7ZLiFXngWemb7y/gM=
-32,-18,1prdZnf/tDWLrA/W27HeCGE1OEI=,69GknY5/ru7ZLiFXngWemb7y/gM=
-31,-18,1prdZnf/tDWLrA/W27HeCGE1OEI=,69GknY5/ru7ZLiFXngWemb7y/gM=
-19,-19,1prdZnf/tDWLrA/W27HeCGE1OEI=,69GknY5/ru7ZLiFXngWemb7y/gM=
-17,-19,1prdZnf/tDWLrA/W27HeCGE1OEI=,69GknY5/ru7ZLiFXngWemb7y/gM=
-29,-30,1prdZnf/tDWLrA/W27HeCGE1OEI=,69GknY5/ru7ZLiFXngWemb7y/gM=
-23,-19,1prdZnf/tDWLrA/W27HeCGE1OEI=,69GknY5/ru7ZLiFXngWemb7y/gM=
-21,-19,1prdZnf/tDWLrA/W27HeCGE1OEI=,69GknY5/ru7ZLiFXngWemb7y/gM=
-22,-19,1prdZnf/tDWLrA/W27HeCGE1OEI=,69GknY5/ru7ZLiFXngWemb7y/gM=
-24,-19,1prdZnf/tDWLrA/W27HeCGE1OEI=,69GknY5/ru7ZLiFXngWemb7y/gM=
-28,-19,1prdZnf/tDWLrA/W27HeCGE1OEI=,69GknY5/ru7ZLiFXngWemb7y/gM=
-27,-19,1prdZnf/tDWLrA/W27HeCGE1OEI=,69GknY5/ru7ZLiFXngWemb7y/gM=
-26,-19,1prdZnf/tDWLrA/W27HeCGE1OEI=,69GknY5/ru7ZLiFXngWemb7y/gM=
-25,-19,1prdZnf/tDWLrA/W27HeCGE1OEI=,69GknY5/ru7ZLiFXngWemb7y/gM=
-28,-30,1prdZnf/tDWLrA/W27HeCGE1OEI=,69GknY5/ru7ZLiFXngWemb7y/gM=
-29,-19,1prdZnf/tDWLrA/W27HeCGE1OEI=,69GknY5/ru7ZLiFXngWemb7y/gM=
-21,-31,1prdZnf/tDWLrA/W27HeCGE1OEI=,69GknY5/ru7ZLiFXngWemb7y/gM=
-19,-20,1prdZnf/tDWLrA/W27HeCGE1OEI=,69GknY5/ru7ZLiFXngWemb7y/gM=
-18,-20,1prdZnf/tDWLrA/W27HeCGE1OEI=,69GknY5/ru7ZLiFXngWemb7y/gM=
-17,-20,1prdZnf/tDWLrA/W27HeCGE1OEI=,69GknY5/ru7ZLiFXngWemb7y/gM=
-30,-19,1prdZnf/tDWLrA/W27HeCGE1OEI=,69GknY5/ru7ZLiFXngWemb7y/gM=
-31,-19,1prdZnf/tDWLrA/W27HeCGE1OEI=,69GknY5/ru7ZLiFXngWemb7y/gM=
-32,-19,1prdZnf/tDWLrA/W27HeCGE1OEI=,69GknY5/ru7ZLiFXngWemb7y/gM=
-20,-20,1prdZnf/tDWLrA/W27HeCGE1OEI=,69GknY5/ru7ZLiFXngWemb7y/gM=
-22,-20,1prdZnf/tDWLrA/W27HeCGE1OEI=,69GknY5/ru7ZLiFXngWemb7y/gM=
-21,-20,1prdZnf/tDWLrA/W27HeCGE1OEI=,69GknY5/ru7ZLiFXngWemb7y/gM=
-23,-20,1prdZnf/tDWLrA/W27HeCGE1OEI=,69GknY5/ru7ZLiFXngWemb7y/gM=
-25,-20,1prdZnf/tDWLrA/W27HeCGE1OEI=,69GknY5/ru7ZLiFXngWemb7y/gM=
-27,-30,1prdZnf/tDWLrA/W27HeCGE1OEI=,69GknY5/ru7ZLiFXngWemb7y/gM=
-26,-20,1prdZnf/tDWLrA/W27HeCGE1OEI=,69GknY5/ru7ZLiFXngWemb7y/gM=
-27,-20,1prdZnf/tDWLrA/W27HeCGE1OEI=,69GknY5/ru7ZLiFXngWemb7y/gM=
-24,-20,1prdZnf/tDWLrA/W27HeCGE1OEI=,69GknY5/ru7ZLiFXngWemb7y/gM=
-22,-31,1prdZnf/tDWLrA/W27HeCGE1OEI=,69GknY5/ru7ZLiFXngWemb7y/gM=
-30,-20,1prdZnf/tDWLrA/W27HeCGE1OEI=,69GknY5/ru7ZLiFXngWemb7y/gM=
-29,-20,1prdZnf/tDWLrA/W27HeCGE1OEI=,69GknY5/ru7ZLiFXngWemb7y/gM=
-17,-21,1prdZnf/tDWLrA/W27HeCGE1OEI=,69GknY5/ru7ZLiFXngWemb7y/gM=
-31,-20,1prdZnf/tDWLrA/W27HeCGE1OEI=,69GknY5/ru7ZLiFXngWemb7y/gM=
-26,-30,1prdZnf/tDWLrA/W27HeCGE1OEI=,69GknY5/ru7ZLiFXngWemb7y/gM=
-32,-20,1prdZnf/tDWLrA/W27HeCGE1OEI=,69GknY5/ru7ZLiFXngWemb7y/gM=
-28,-20,1prdZnf/tDWLrA/W27HeCGE1OEI=,69GknY5/ru7ZLiFXngWemb7y/gM=
-18,-21,1prdZnf/tDWLrA/W27HeCGE1OEI=,69GknY5/ru7ZLiFXngWemb7y/gM=
-22,-21,1prdZnf/tDWLrA/W27HeCGE1OEI=,69GknY5/ru7ZLiFXngWemb7y/gM=
-20,-21,1prdZnf/tDWLrA/W27HeCGE1OEI=,69GknY5/ru7ZLiFXngWemb7y/gM=
-23,-21,1prdZnf/tDWLrA/W27HeCGE1OEI=,69GknY5/ru7ZLiFXngWemb7y/gM=
-19,-21,1prdZnf/tDWLrA/W27HeCGE1OEI=,69GknY5/ru7ZLiFXngWemb7y/gM=
-25,-30,1prdZnf/tDWLrA/W27HeCGE1OEI=,69GknY5/ru7ZLiFXngWemb7y/gM=
-25,-21,1prdZnf/tDWLrA/W27HeCGE1OEI=,69GknY5/ru7ZLiFXngWemb7y/gM=
-24,-21,1prdZnf/tDWLrA/W27HeCGE1OEI=,69GknY5/ru7ZLiFXngWemb7y/gM=
-21,-21,1prdZnf/tDWLrA/W27HeCGE1OEI=,69GknY5/ru7ZLiFXngWemb7y/gM=
-23,-31,1prdZnf/tDWLrA/W27HeCGE1OEI=,69GknY5/ru7ZLiFXngWemb7y/gM=
-24,-30,1prdZnf/tDWLrA/W27HeCGE1OEI=,69GknY5/ru7ZLiFXngWemb7y/gM=
-26,-21,1prdZnf/tDWLrA/W27HeCGE1OEI=,69GknY5/ru7ZLiFXngWemb7y/gM=
-27,-21,1prdZnf/tDWLrA/W27HeCGE1OEI=,69GknY5/ru7ZLiFXngWemb7y/gM=
-28,-21,1prdZnf/tDWLrA/W27HeCGE1OEI=,69GknY5/ru7ZLiFXngWemb7y/gM=
-29,-21,1prdZnf/tDWLrA/W27HeCGE1OEI=,69GknY5/ru7ZLiFXngWemb7y/gM=
-32,-21,1prdZnf/tDWLrA/W27HeCGE1OEI=,69GknY5/ru7ZLiFXngWemb7y/gM=
-31,-21,1prdZnf/tDWLrA/W27HeCGE1OEI=,69GknY5/ru7ZLiFXngWemb7y/gM=
-30,-21,1prdZnf/tDWLrA/W27HeCGE1OEI=,69GknY5/ru7ZLiFXngWemb7y/gM=
-17,-22,1prdZnf/tDWLrA/W27HeCGE1OEI=,69GknY5/ru7ZLiFXngWemb7y/gM=
-23,-30,1prdZnf/tDWLrA/W27HeCGE1OEI=,69GknY5/ru7ZLiFXngWemb7y/gM=
-18,-22,1prdZnf/tDWLrA/W27HeCGE1OEI=,69GknY5/ru7ZLiFXngWemb7y/gM=
-21,-22,1prdZnf/tDWLrA/W27HeCGE1OEI=,69GknY5/ru7ZLiFXngWemb7y/gM=
-19,-22,1prdZnf/tDWLrA/W27HeCGE1OEI=,69GknY5/ru7ZLiFXngWemb7y/gM=
-20,-22,1prdZnf/tDWLrA/W27HeCGE1OEI=,69GknY5/ru7ZLiFXngWemb7y/gM=
-23,-22,1prdZnf/tDWLrA/W27HeCGE1OEI=,69GknY5/ru7ZLiFXngWemb7y/gM=
-22,-30,1prdZnf/tDWLrA/W27HeCGE1OEI=,69GknY5/ru7ZLiFXngWemb7y/gM=
-22,-22,1prdZnf/tDWLrA/W27HeCGE1OEI=,69GknY5/ru7ZLiFXngWemb7y/gM=
-24,-22,1prdZnf/tDWLrA/W27HeCGE1OEI=,69GknY5/ru7ZLiFXngWemb7y/gM=
-25,-22,1prdZnf/tDWLrA/W27HeCGE1OEI=,69GknY5/ru7ZLiFXngWemb7y/gM=
-24,-31,1prdZnf/tDWLrA/W27HeCGE1OEI=,69GknY5/ru7ZLiFXngWemb7y/gM=
-21,-30,1prdZnf/tDWLrA/W27HeCGE1OEI=,69GknY5/ru7ZLiFXngWemb7y/gM=
-27,-22,1prdZnf/tDWLrA/W27HeCGE1OEI=,69GknY5/ru7ZLiFXngWemb7y/gM=
-28,-22,1prdZnf/tDWLrA/W27HeCGE1OEI=,69GknY5/ru7ZLiFXngWemb7y/gM=
-17,-23,1prdZnf/tDWLrA/W27HeCGE1OEI=,69GknY5/ru7ZLiFXngWemb7y/gM=
-29,-22,1prdZnf/tDWLrA/W27HeCGE1OEI=,69GknY5/ru7ZLiFXngWemb7y/gM=
-30,-22,1prdZnf/tDWLrA/W27HeCGE1OEI=,69GknY5/ru7ZLiFXngWemb7y/gM=
-31,-22,1prdZnf/tDWLrA/W27HeCGE1OEI=,69GknY5/ru7ZLiFXngWemb7y/gM=
-32,-22,1prdZnf/tDWLrA/W27HeCGE1OEI=,69GknY5/ru7ZLiFXngWemb7y/gM=
-20,-30,1prdZnf/tDWLrA/W27HeCGE1OEI=,69GknY5/ru7ZLiFXngWemb7y/gM=
-18,-23,1prdZnf/tDWLrA/W27HeCGE1OEI=,69GknY5/ru7ZLiFXngWemb7y/gM=
-19,-23,1prdZnf/tDWLrA/W27HeCGE1OEI=,69GknY5/ru7ZLiFXngWemb7y/gM=
-19,-30,1prdZnf/tDWLrA/W27HeCGE1OEI=,69GknY5/ru7ZLiFXngWemb7y/gM=
-21,-23,1prdZnf/tDWLrA/W27HeCGE1OEI=,69GknY5/ru7ZLiFXngWemb7y/gM=
-20,-23,1prdZnf/tDWLrA/W27HeCGE1OEI=,69GknY5/ru7ZLiFXngWemb7y/gM=
-22,-23,1prdZnf/tDWLrA/W27HeCGE1OEI=,69GknY5/ru7ZLiFXngWemb7y/gM=
-23,-23,1prdZnf/tDWLrA/W27HeCGE1OEI=,69GknY5/ru7ZLiFXngWemb7y/gM=
-24,-23,1prdZnf/tDWLrA/W27HeCGE1OEI=,69GknY5/ru7ZLiFXngWemb7y/gM=
-25,-23,1prdZnf/tDWLrA/W27HeCGE1OEI=,69GknY5/ru7ZLiFXngWemb7y/gM=
-25,-31,1prdZnf/tDWLrA/W27HeCGE1OEI=,69GknY5/ru7ZLiFXngWemb7y/gM=
-26,-23,1prdZnf/tDWLrA/W27HeCGE1OEI=,69GknY5/ru7ZLiFXngWemb7y/gM=
-28,-23,1prdZnf/tDWLrA/W27HeCGE1OEI=,69GknY5/ru7ZLiFXngWemb7y/gM=
-27,-23,1prdZnf/tDWLrA/W27HeCGE1OEI=,69GknY5/ru7ZLiFXngWemb7y/gM=
-32,-31,1prdZnf/tDWLrA/W27HeCGE1OEI=,69GknY5/ru7ZLiFXngWemb7y/gM=
-29,-23,1prdZnf/tDWLrA/W27HeCGE1OEI=,69GknY5/ru7ZLiFXngWemb7y/gM=
-30,-23,1prdZnf/tDWLrA/W27HeCGE1OEI=,69GknY5/ru7ZLiFXngWemb7y/gM=
-18,-24,1prdZnf/tDWLrA/W27HeCGE1OEI=,69GknY5/ru7ZLiFXngWemb7y/gM=
-31,-23,1prdZnf/tDWLrA/W27HeCGE1OEI=,69GknY5/ru7ZLiFXngWemb7y/gM=
-32,-23,1prdZnf/tDWLrA/W27HeCGE1OEI=,69GknY5/ru7ZLiFXngWemb7y/gM=
-19,-24,1prdZnf/tDWLrA/W27HeCGE1OEI=,69GknY5/ru7ZLiFXngWemb7y/gM=
-18,-30,1prdZnf/tDWLrA/W27HeCGE1OEI=,69GknY5/ru7ZLiFXngWemb7y/gM=
-17,-24,1prdZnf/tDWLrA/W27HeCGE1OEI=,69GknY5/ru7ZLiFXngWemb7y/gM=
-21,-24,1prdZnf/tDWLrA/W27HeCGE1OEI=,69GknY5/ru7ZLiFXngWemb7y/gM=
-20,-24,1prdZnf/tDWLrA/W27HeCGE1OEI=,69GknY5/ru7ZLiFXngWemb7y/gM=
-22,-24,1prdZnf/tDWLrA/W27HeCGE1OEI=,69GknY5/ru7ZLiFXngWemb7y/gM=
-23,-24,1prdZnf/tDWLrA/W27HeCGE1OEI=,69GknY5/ru7ZLiFXngWemb7y/gM=
-25,-24,1prdZnf/tDWLrA/W27HeCGE1OEI=,69GknY5/ru7ZLiFXngWemb7y/gM=
-17,-30,1prdZnf/tDWLrA/W27HeCGE1OEI=,69GknY5/ru7ZLiFXngWemb7y/gM=
-24,-24,1prdZnf/tDWLrA/W27HeCGE1OEI=,69GknY5/ru7ZLiFXngWemb7y/gM=
-26,-31,1prdZnf/tDWLrA/W27HeCGE1OEI=,69GknY5/ru7ZLiFXngWemb7y/gM=
-26,-24,1prdZnf/tDWLrA/W27HeCGE1OEI=,69GknY5/ru7ZLiFXngWemb7y/gM=
-27,-24,1prdZnf/tDWLrA/W27HeCGE1OEI=,69GknY5/ru7ZLiFXngWemb7y/gM=
-17,-25,1prdZnf/tDWLrA/W27HeCGE1OEI=,69GknY5/ru7ZLiFXngWemb7y/gM=
-18,-19,1prdZnf/tDWLrA/W27HeCGE1OEI=,69GknY5/ru7ZLiFXngWemb7y/gM=
-30,-24,1prdZnf/tDWLrA/W27HeCGE1OEI=,69GknY5/ru7ZLiFXngWemb7y/gM=
-31,-24,1prdZnf/tDWLrA/W27HeCGE1OEI=,69GknY5/ru7ZLiFXngWemb7y/gM=
-26,-22,1prdZnf/tDWLrA/W27HeCGE1OEI=,69GknY5/ru7ZLiFXngWemb7y/gM=
-32,-24,1prdZnf/tDWLrA/W27HeCGE1OEI=,69GknY5/ru7ZLiFXngWemb7y/gM=
-19,-25,1prdZnf/tDWLrA/W27HeCGE1OEI=,69GknY5/ru7ZLiFXngWemb7y/gM=
-24,-32,1prdZnf/tDWLrA/W27HeCGE1OEI=,69GknY5/ru7ZLiFXngWemb7y/gM=
-29,-24,1prdZnf/tDWLrA/W27HeCGE1OEI=,69GknY5/ru7ZLiFXngWemb7y/gM=
-18,-25,1prdZnf/tDWLrA/W27HeCGE1OEI=,69GknY5/ru7ZLiFXngWemb7y/gM=
-23,-25,1prdZnf/tDWLrA/W27HeCGE1OEI=,69GknY5/ru7ZLiFXngWemb7y/gM=
-21,-25,1prdZnf/tDWLrA/W27HeCGE1OEI=,69GknY5/ru7ZLiFXngWemb7y/gM=
-22,-25,1prdZnf/tDWLrA/W27HeCGE1OEI=,69GknY5/ru7ZLiFXngWemb7y/gM=
-25,-25,1prdZnf/tDWLrA/W27HeCGE1OEI=,69GknY5/ru7ZLiFXngWemb7y/gM=
-27,-31,1prdZnf/tDWLrA/W27HeCGE1OEI=,69GknY5/ru7ZLiFXngWemb7y/gM=
-20,-25,1prdZnf/tDWLrA/W27HeCGE1OEI=,69GknY5/ru7ZLiFXngWemb7y/gM=
-26,-25,1prdZnf/tDWLrA/W27HeCGE1OEI=,69GknY5/ru7ZLiFXngWemb7y/gM=
-24,-25,1prdZnf/tDWLrA/W27HeCGE1OEI=,69GknY5/ru7ZLiFXngWemb7y/gM=
-28,-25,1prdZnf/tDWLrA/W27HeCGE1OEI=,69GknY5/ru7ZLiFXngWemb7y/gM=
-27,-25,1prdZnf/tDWLrA/W27HeCGE1OEI=,69GknY5/ru7ZLiFXngWemb7y/gM=
-31,-25,1prdZnf/tDWLrA/W27HeCGE1OEI=,69GknY5/ru7ZLiFXngWemb7y/gM=
-30,-25,1prdZnf/tDWLrA/W27HeCGE1OEI=,69GknY5/ru7ZLiFXngWemb7y/gM=
-32,-25,1prdZnf/tDWLrA/W27HeCGE1OEI=,69GknY5/ru7ZLiFXngWemb7y/gM=
-29,-25,1prdZnf/tDWLrA/W27HeCGE1OEI=,69GknY5/ru7ZLiFXngWemb7y/gM=
-19,-26,1prdZnf/tDWLrA/W27HeCGE1OEI=,69GknY5/ru7ZLiFXngWemb7y/gM=
-17,-26,1prdZnf/tDWLrA/W27HeCGE1OEI=,69GknY5/ru7ZLiFXngWemb7y/gM=
-18,-26,1prdZnf/tDWLrA/W27HeCGE1OEI=,69GknY5/ru7ZLiFXngWemb7y/gM=
-20,-26,1prdZnf/tDWLrA/W27HeCGE1OEI=,69GknY5/ru7ZLiFXngWemb7y/gM=
-21,-26,1prdZnf/tDWLrA/W27HeCGE1OEI=,69GknY5/ru7ZLiFXngWemb7y/gM=
-28,-26,1prdZnf/tDWLrA/W27HeCGE1OEI=,69GknY5/ru7ZLiFXngWemb7y/gM=
-22,-26,1prdZnf/tDWLrA/W27HeCGE1OEI=,69GknY5/ru7ZLiFXngWemb7y/gM=
-24,-26,1prdZnf/tDWLrA/W27HeCGE1OEI=,69GknY5/ru7ZLiFXngWemb7y/gM=
-25,-26,1prdZnf/tDWLrA/W27HeCGE1OEI=,69GknY5/ru7ZLiFXngWemb7y/gM=
-28,-31,1prdZnf/tDWLrA/W27HeCGE1OEI=,69GknY5/ru7ZLiFXngWemb7y/gM=
-26,-26,1prdZnf/tDWLrA/W27HeCGE1OEI=,69GknY5/ru7ZLiFXngWemb7y/gM=
-27,-26,1prdZnf/tDWLrA/W27HeCGE1OEI=,69GknY5/ru7ZLiFXngWemb7y/gM=
-32,-26,1prdZnf/tDWLrA/W27HeCGE1OEI=,69GknY5/ru7ZLiFXngWemb7y/gM=
-17,-27,1prdZnf/tDWLrA/W27HeCGE1OEI=,69GknY5/ru7ZLiFXngWemb7y/gM=
-30,-26,1prdZnf/tDWLrA/W27HeCGE1OEI=,69GknY5/ru7ZLiFXngWemb7y/gM=
-23,-26,1prdZnf/tDWLrA/W27HeCGE1OEI=,69GknY5/ru7ZLiFXngWemb7y/gM=
-31,-26,1prdZnf/tDWLrA/W27HeCGE1OEI=,69GknY5/ru7ZLiFXngWemb7y/gM=
-29,-26,1prdZnf/tDWLrA/W27HeCGE1OEI=,69GknY5/ru7ZLiFXngWemb7y/gM=
-18,-27,1prdZnf/tDWLrA/W27HeCGE1OEI=,69GknY5/ru7ZLiFXngWemb7y/gM=
-20,-27,1prdZnf/tDWLrA/W27HeCGE1OEI=,69GknY5/ru7ZLiFXngWemb7y/gM=
-19,-27,1prdZnf/tDWLrA/W27HeCGE1OEI=,69GknY5/ru7ZLiFXngWemb7y/gM=
-22,-27,1prdZnf/tDWLrA/W27HeCGE1OEI=,69GknY5/ru7ZLiFXngWemb7y/gM=
-21,-27,1prdZnf/tDWLrA/W27HeCGE1OEI=,69GknY5/ru7ZLiFXngWemb7y/gM=
-29,-31,1prdZnf/tDWLrA/W27HeCGE1OEI=,69GknY5/ru7ZLiFXngWemb7y/gM=
-25,-27,1prdZnf/tDWLrA/W27HeCGE1OEI=,69GknY5/ru7ZLiFXngWemb7y/gM=
-24,-27,1prdZnf/tDWLrA/W27HeCGE1OEI=,69GknY5/ru7ZLiFXngWemb7y/gM=
-26,-27,1prdZnf/tDWLrA/W27HeCGE1OEI=,69GknY5/ru7ZLiFXngWemb7y/gM=
-23,-27,1prdZnf/tDWLrA/W27HeCGE1OEI=,69GknY5/ru7ZLiFXngWemb7y/gM=
-27,-27,1prdZnf/tDWLrA/W27HeCGE1OEI=,69GknY5/ru7ZLiFXngWemb7y/gM=
-28,-27,1prdZnf/tDWLrA/W27HeCGE1OEI=,69GknY5/ru7ZLiFXngWemb7y/gM=
-29,-27,1prdZnf/tDWLrA/W27HeCGE1OEI=,69GknY5/ru7ZLiFXngWemb7y/gM=
-22,-28,1prdZnf/tDWLrA/W27HeCGE1OEI=,69GknY5/ru7ZLiFXngWemb7y/gM=
-31,-27,1prdZnf/tDWLrA/W27HeCGE1OEI=,69GknY5/ru7ZLiFXngWemb7y/gM=
-30,-27,1prdZnf/tDWLrA/W27HeCGE1OEI=,69GknY5/ru7ZLiFXngWemb7y/gM=
-32,-27,1prdZnf/tDWLrA/W27HeCGE1OEI=,69GknY5/ru7ZLiFXngWemb7y/gM=
-19,-28,1prdZnf/tDWLrA/W27HeCGE1OEI=,69GknY5/ru7ZLiFXngWemb7y/gM=
-18,-28,1prdZnf/tDWLrA/W27HeCGE1OEI=,69GknY5/ru7ZLiFXngWemb7y/gM=
-23,-28,1prdZnf/tDWLrA/W27HeCGE1OEI=,69GknY5/ru7ZLiFXngWemb7y/gM=
-20,-28,1prdZnf/tDWLrA/W27HeCGE1OEI=,69GknY5/ru7ZLiFXngWemb7y/gM=
-17,-28,1prdZnf/tDWLrA/W27HeCGE1OEI=,69GknY5/ru7ZLiFXngWemb7y/gM=
-30,-31,1prdZnf/tDWLrA/W27HeCGE1OEI=,69GknY5/ru7ZLiFXngWemb7y/gM=
-21,-28,1prdZnf/tDWLrA/W27HeCGE1OEI=,69GknY5/ru7ZLiFXngWemb7y/gM=
-25,-28,1prdZnf/tDWLrA/W27HeCGE1OEI=,69GknY5/ru7ZLiFXngWemb7y/gM=
-24,-28,1prdZnf/tDWLrA/W27HeCGE1OEI=,69GknY5/ru7ZLiFXngWemb7y/gM=
-26,-28,1prdZnf/tDWLrA/W27HeCGE1OEI=,69GknY5/ru7ZLiFXngWemb7y/gM=
-27,-28,1prdZnf/tDWLrA/W27HeCGE1OEI=,69GknY5/ru7ZLiFXngWemb7y/gM=
-28,-28,1prdZnf/tDWLrA/W27HeCGE1OEI=,69GknY5/ru7ZLiFXngWemb7y/gM=
-30,-28,1prdZnf/tDWLrA/W27HeCGE1OEI=,69GknY5/ru7ZLiFXngWemb7y/gM=
-31,-28,1prdZnf/tDWLrA/W27HeCGE1OEI=,69GknY5/ru7ZLiFXngWemb7y/gM=
-29,-28,1prdZnf/tDWLrA/W27HeCGE1OEI=,69GknY5/ru7ZLiFXngWemb7y/gM=
-17,-29,1prdZnf/tDWLrA/W27HeCGE1OEI=,69GknY5/ru7ZLiFXngWemb7y/gM=
-32,-28,1prdZnf/tDWLrA/W27HeCGE1OEI=,69GknY5/ru7ZLiFXngWemb7y/gM=
-18,-29,1prdZnf/tDWLrA/W27HeCGE1OEI=,69GknY5/ru7ZLiFXngWemb7y/gM=
-19,-29,1prdZnf/tDWLrA/W27HeCGE1OEI=,69GknY5/ru7ZLiFXngWemb7y/gM=
-20,-29,1prdZnf/tDWLrA/W27HeCGE1OEI=,69GknY5/ru7ZLiFXngWemb7y/gM=
-23,-29,1prdZnf/tDWLrA/W27HeCGE1OEI=,69GknY5/ru7ZLiFXngWemb7y/gM=
-22,-29,1prdZnf/tDWLrA/W27HeCGE1OEI=,69GknY5/ru7ZLiFXngWemb7y/gM=
-28,-24,1prdZnf/tDWLrA/W27HeCGE1OEI=,69GknY5/ru7ZLiFXngWemb7y/gM=
-21,-29,1prdZnf/tDWLrA/W27HeCGE1OEI=,69GknY5/ru7ZLiFXngWemb7y/gM=
-31,-31,1prdZnf/tDWLrA/W27HeCGE1OEI=,69GknY5/ru7ZLiFXngWemb7y/gM=
-25,-29,1prdZnf/tDWLrA/W27HeCGE1OEI=,69GknY5/ru7ZLiFXngWemb7y/gM=
-26,-29,1prdZnf/tDWLrA/W27HeCGE1OEI=,69GknY5/ru7ZLiFXngWemb7y/gM=
-27,-29,1prdZnf/tDWLrA/W27HeCGE1OEI=,69GknY5/ru7ZLiFXngWemb7y/gM=
-29,-29,1prdZnf/tDWLrA/W27HeCGE1OEI=,69GknY5/ru7ZLiFXngWemb7y/gM=
-28,-29,1prdZnf/tDWLrA/W27HeCGE1OEI=,69GknY5/ru7ZLiFXngWemb7y/gM=
-24,-29,1prdZnf/tDWLrA/W27HeCGE1OEI=,69GknY5/ru7ZLiFXngWemb7y/gM=
-32,-29,1prdZnf/tDWLrA/W27HeCGE1OEI=,69GknY5/ru7ZLiFXngWemb7y/gM=
-31,-29,1prdZnf/tDWLrA/W27HeCGE1OEI=,69GknY5/ru7ZLiFXngWemb7y/gM=
-30,-29,1prdZnf/tDWLrA/W27HeCGE1OEI=,69GknY5/ru7ZLiFXngWemb7y/gM=
-7,-17,1prdZnf/tDWLrA/W27HeCGE1OEI=,69GknY5/ru7ZLiFXngWemb7y/gM=
-9,-17,1prdZnf/tDWLrA/W27HeCGE1OEI=,69GknY5/ru7ZLiFXngWemb7y/gM=
-1,-17,1prdZnf/tDWLrA/W27HeCGE1OEI=,69GknY5/ru7ZLiFXngWemb7y/gM=
-8,-17,1prdZnf/tDWLrA/W27HeCGE1OEI=,69GknY5/ru7ZLiFXngWemb7y/gM=
-2,-17,1prdZnf/tDWLrA/W27HeCGE1OEI=,69GknY5/ru7ZLiFXngWemb7y/gM=
-3,-17,1prdZnf/tDWLrA/W27HeCGE1OEI=,69GknY5/ru7ZLiFXngWemb7y/gM=
-4,-17,1prdZnf/tDWLrA/W27HeCGE1OEI=,69GknY5/ru7ZLiFXngWemb7y/gM=
-5,-17,1prdZnf/tDWLrA/W27HeCGE1OEI=,69GknY5/ru7ZLiFXngWemb7y/gM=
-6,-17,1prdZnf/tDWLrA/W27HeCGE1OEI=,69GknY5/ru7ZLiFXngWemb7y/gM=
-12,-17,1prdZnf/tDWLrA/W27HeCGE1OEI=,69GknY5/ru7ZLiFXngWemb7y/gM=
-1,-32,1prdZnf/tDWLrA/W27HeCGE1OEI=,69GknY5/ru7ZLiFXngWemb7y/gM=
-11,-17,1prdZnf/tDWLrA/W27HeCGE1OEI=,69GknY5/ru7ZLiFXngWemb7y/gM=
-13,-17,1prdZnf/tDWLrA/W27HeCGE1OEI=,69GknY5/ru7ZLiFXngWemb7y/gM=
-16,-31,1prdZnf/tDWLrA/W27HeCGE1OEI=,69GknY5/ru7ZLiFXngWemb7y/gM=
-1,-18,1prdZnf/tDWLrA/W27HeCGE1OEI=,69GknY5/ru7ZLiFXngWemb7y/gM=
-14,-17,1prdZnf/tDWLrA/W27HeCGE1OEI=,69GknY5/ru7ZLiFXngWemb7y/gM=
-6,-18,1prdZnf/tDWLrA/W27HeCGE1OEI=,69GknY5/ru7ZLiFXngWemb7y/gM=
-7,-18,1prdZnf/tDWLrA/W27HeCGE1OEI=,69GknY5/ru7ZLiFXngWemb7y/gM=
-5,-18,1prdZnf/tDWLrA/W27HeCGE1OEI=,69GknY5/ru7ZLiFXngWemb7y/gM=
-9,-18,1prdZnf/tDWLrA/W27HeCGE1OEI=,69GknY5/ru7ZLiFXngWemb7y/gM=
-3,-18,1prdZnf/tDWLrA/W27HeCGE1OEI=,69GknY5/ru7ZLiFXngWemb7y/gM=
-2,-18,1prdZnf/tDWLrA/W27HeCGE1OEI=,69GknY5/ru7ZLiFXngWemb7y/gM=
-8,-18,1prdZnf/tDWLrA/W27HeCGE1OEI=,69GknY5/ru7ZLiFXngWemb7y/gM=
-4,-18,1prdZnf/tDWLrA/W27HeCGE1OEI=,69GknY5/ru7ZLiFXngWemb7y/gM=
-10,-18,1prdZnf/tDWLrA/W27HeCGE1OEI=,69GknY5/ru7ZLiFXngWemb7y/gM=
-15,-18,1prdZnf/tDWLrA/W27HeCGE1OEI=,69GknY5/ru7ZLiFXngWemb7y/gM=
-10,-17,1prdZnf/tDWLrA/W27HeCGE1OEI=,69GknY5/ru7ZLiFXngWemb7y/gM=
-11,-18,1prdZnf/tDWLrA/W27HeCGE1OEI=,69GknY5/ru7ZLiFXngWemb7y/gM=
-16,-18,1prdZnf/tDWLrA/W27HeCGE1OEI=,69GknY5/ru7ZLiFXngWemb7y/gM=
-12,-18,1prdZnf/tDWLrA/W27HeCGE1OEI=,69GknY5/ru7ZLiFXngWemb7y/gM=
-13,-18,1prdZnf/tDWLrA/W27HeCGE1OEI=,69GknY5/ru7ZLiFXngWemb7y/gM=
-15,-17,1prdZnf/tDWLrA/W27HeCGE1OEI=,69GknY5/ru7ZLiFXngWemb7y/gM=
-16,-32,1prdZnf/tDWLrA/W27HeCGE1OEI=,69GknY5/ru7ZLiFXngWemb7y/gM=
-3,-19,1prdZnf/tDWLrA/W27HeCGE1OEI=,69GknY5/ru7ZLiFXngWemb7y/gM=
-14,-18,1prdZnf/tDWLrA/W27HeCGE1OEI=,69GknY5/ru7ZLiFXngWemb7y/gM=
-4,-19,1prdZnf/tDWLrA/W27HeCGE1OEI=,69GknY5/ru7ZLiFXngWemb7y/gM=
-6,-19,1prdZnf/tDWLrA/W27HeCGE1OEI=,69GknY5/ru7ZLiFXngWemb7y/gM=
-5,-19,1prdZnf/tDWLrA/W27HeCGE1OEI=,69GknY5/ru7ZLiFXngWemb7y/gM=
-1,-19,1prdZnf/tDWLrA/W27HeCGE1OEI=,69GknY5/ru7ZLiFXngWemb7y/gM=
-2,-19,1prdZnf/tDWLrA/W27HeCGE1OEI=,69GknY5/ru7ZLiFXngWemb7y/gM=
-9,-19,1prdZnf/tDWLrA/W27HeCGE1OEI=,69GknY5/ru7ZLiFXngWemb7y/gM=
-8,-19,1prdZnf/tDWLrA/W27HeCGE1OEI=,69GknY5/ru7ZLiFXngWemb7y/gM=
-2,-32,1prdZnf/tDWLrA/W27HeCGE1OEI=,69GknY5/ru7ZLiFXngWemb7y/gM=
-10,-19,1prdZnf/tDWLrA/W27HeCGE1OEI=,69GknY5/ru7ZLiFXngWemb7y/gM=
-14,-19,1prdZnf/tDWLrA/W27HeCGE1OEI=,69GknY5/ru7ZLiFXngWemb7y/gM=
-13,-19,1prdZnf/tDWLrA/W27HeCGE1OEI=,69GknY5/ru7ZLiFXngWemb7y/gM=
-15,-19,1prdZnf/tDWLrA/W27HeCGE1OEI=,69GknY5/ru7ZLiFXngWemb7y/gM=
-12,-19,1prdZnf/tDWLrA/W27HeCGE1OEI=,69GknY5/ru7ZLiFXngWemb7y/gM=
-3,-20,1prdZnf/tDWLrA/W27HeCGE1OEI=,69GknY5/ru7ZLiFXngWemb7y/gM=
-16,-19,1prdZnf/tDWLrA/W27HeCGE1OEI=,69GknY5/ru7ZLiFXngWemb7y/gM=
-11,-19,1prdZnf/tDWLrA/W27HeCGE1OEI=,69GknY5/ru7ZLiFXngWemb7y/gM=
-15,-31,1prdZnf/tDWLrA/W27HeCGE1OEI=,69GknY5/ru7ZLiFXngWemb7y/gM=
-2,-20,1prdZnf/tDWLrA/W27HeCGE1OEI=,69GknY5/ru7ZLiFXngWemb7y/gM=
-4,-20,1prdZnf/tDWLrA/W27HeCGE1OEI=,69GknY5/ru7ZLiFXngWemb7y/gM=
-8,-20,1prdZnf/tDWLrA/W27HeCGE1OEI=,69GknY5/ru7ZLiFXngWemb7y/gM=
-1,-20,1prdZnf/tDWLrA/W27HeCGE1OEI=,69GknY5/ru7ZLiFXngWemb7y/gM=
-9,-20,1prdZnf/tDWLrA/W27HeCGE1OEI=,69GknY5/ru7ZLiFXngWemb7y/gM=
-5,-20,1prdZnf/tDWLrA/W27HeCGE1OEI=,69GknY5/ru7ZLiFXngWemb7y/gM=
-7,-20,1prdZnf/tDWLrA/W27HeCGE1OEI=,69GknY5/ru7ZLiFXngWemb7y/gM=
-10,-20,1prdZnf/tDWLrA/W27HeCGE1OEI=,69GknY5/ru7ZLiFXngWemb7y/gM=
-14,-20,1prdZnf/tDWLrA/W27HeCGE1OEI=,69GknY5/ru7ZLiFXngWemb7y/gM=
-6,-20,1prdZnf/tDWLrA/W27HeCGE1OEI=,69GknY5/ru7ZLiFXngWemb7y/gM=
-3,-32,1prdZnf/tDWLrA/W27HeCGE1OEI=,69GknY5/ru7ZLiFXngWemb7y/gM=
-13,-20,1prdZnf/tDWLrA/W27HeCGE1OEI=,69GknY5/ru7ZLiFXngWemb7y/gM=
-12,-20,1prdZnf/tDWLrA/W27HeCGE1OEI=,69GknY5/ru7ZLiFXngWemb7y/gM=
-11,-20,1prdZnf/tDWLrA/W27HeCGE1OEI=,69GknY5/ru7ZLiFXngWemb7y/gM=
-15,-20,1prdZnf/tDWLrA/W27HeCGE1OEI=,69GknY5/ru7ZLiFXngWemb7y/gM=
-16,-20,1prdZnf/tDWLrA/W27HeCGE1OEI=,69GknY5/ru7ZLiFXngWemb7y/gM=
-2,-21,1prdZnf/tDWLrA/W27HeCGE1OEI=,69GknY5/ru7ZLiFXngWemb7y/gM=
-3,-21,1prdZnf/tDWLrA/W27HeCGE1OEI=,69GknY5/ru7ZLiFXngWemb7y/gM=
-1,-21,1prdZnf/tDWLrA/W27HeCGE1OEI=,69GknY5/ru7ZLiFXngWemb7y/gM=
-6,-21,1prdZnf/tDWLrA/W27HeCGE1OEI=,69GknY5/ru7ZLiFXngWemb7y/gM=
-4,-21,1prdZnf/tDWLrA/W27HeCGE1OEI=,69GknY5/ru7ZLiFXngWemb7y/gM=
-14,-31,1prdZnf/tDWLrA/W27HeCGE1OEI=,69GknY5/ru7ZLiFXngWemb7y/gM=
-9,-21,1prdZnf/tDWLrA/W27HeCGE1OEI=,69GknY5/ru7ZLiFXngWemb7y/gM=
-11,-21,1prdZnf/tDWLrA/W27HeCGE1OEI=,69GknY5/ru7ZLiFXngWemb7y/gM=
-16,-17,1prdZnf/tDWLrA/W27HeCGE1OEI=,69GknY5/ru7ZLiFXngWemb7y/gM=
-5,-21,1prdZnf/tDWLrA/W27HeCGE1OEI=,69GknY5/ru7ZLiFXngWemb7y/gM=
-7,-21,1prdZnf/tDWLrA/W27HeCGE1OEI=,69GknY5/ru7ZLiFXngWemb7y/gM=
-4,-32,1prdZnf/tDWLrA/W27HeCGE1OEI=,69GknY5/ru7ZLiFXngWemb7y/gM=
-12,-21,1prdZnf/tDWLrA/W27HeCGE1OEI=,69GknY5/ru7ZLiFXngWemb7y/gM=
-7,-19,1prdZnf/tDWLrA/W27HeCGE1OEI=,69GknY5/ru7ZLiFXngWemb7y/gM=
-8,-21,1prdZnf/tDWLrA/W27HeCGE1OEI=,69GknY5/ru7ZLiFXngWemb7y/gM=
-14,-21,1prdZnf/tDWLrA/W27HeCGE1OEI=,69GknY5/ru7ZLiFXngWemb7y/gM=
-10,-21,1prdZnf/tDWLrA/W27HeCGE1OEI=,69GknY5/ru7ZLiFXngWemb7y/gM=
-13,-31,1prdZnf/tDWLrA/W27HeCGE1OEI=,69GknY5/ru7ZLiFXngWemb7y/gM=
-1,-22,1prdZnf/tDWLrA/W27HeCGE1OEI=,69GknY5/ru7ZLiFXngWemb7y/gM=
-15,-21,1prdZnf/tDWLrA/W27HeCGE1OEI=,69GknY5/ru7ZLiFXngWemb7y/gM=
-2,-22,1prdZnf/tDWLrA/W27HeCGE1OEI=,69GknY5/ru7ZLiFXngWemb7y/gM=
-3,-22,1prdZnf/tDWLrA/W27HeCGE1OEI=,69GknY5/ru7ZLiFXngWemb7y/gM=
-16,-21,1prdZnf/tDWLrA/W27HeCGE1OEI=,69GknY5/ru7ZLiFXngWemb7y/gM=
-4,-22,1prdZnf/tDWLrA/W27HeCGE1OEI=,69GknY5/ru7ZLiFXngWemb7y/gM=
-8,-22,1prdZnf/tDWLrA/W27HeCGE1OEI=,69GknY5/ru7ZLiFXngWemb7y/gM=
-7,-22,1prdZnf/tDWLrA/W27HeCGE1OEI=,69GknY5/ru7ZLiFXngWemb7y/gM=
-9,-22,1prdZnf/tDWLrA/W27HeCGE1OEI=,69GknY5/ru7ZLiFXngWemb7y/gM=
-5,-22,1prdZnf/tDWLrA/W27HeCGE1OEI=,69GknY5/ru7ZLiFXngWemb7y/gM=
-5,-32,1prdZnf/tDWLrA/W27HeCGE1OEI=,69GknY5/ru7ZLiFXngWemb7y/gM=
-6,-22,1prdZnf/tDWLrA/W27HeCGE1OEI=,69GknY5/ru7ZLiFXngWemb7y/gM=
-10,-22,1prdZnf/tDWLrA/W27HeCGE1OEI=,69GknY5/ru7ZLiFXngWemb7y/gM=
-11,-22,1prdZnf/tDWLrA/W27HeCGE1OEI=,69GknY5/ru7ZLiFXngWemb7y/gM=
-12,-31,1prdZnf/tDWLrA/W27HeCGE1OEI=,69GknY5/ru7ZLiFXngWemb7y/gM=
-12,-22,1prdZnf/tDWLrA/W27HeCGE1OEI=,69GknY5/ru7ZLiFXngWemb7y/gM=
-14,-22,1prdZnf/tDWLrA/W27HeCGE1OEI=,69GknY5/ru7ZLiFXngWemb7y/gM=
-16,-22,1prdZnf/tDWLrA/W27HeCGE1OEI=,69GknY5/ru7ZLiFXngWemb7y/gM=
-15,-22,1prdZnf/tDWLrA/W27HeCGE1OEI=,69GknY5/ru7ZLiFXngWemb7y/gM=
-13,-22,1prdZnf/tDWLrA/W27HeCGE1OEI=,69GknY5/ru7ZLiFXngWemb7y/gM=
-6,-32,1prdZnf/tDWLrA/W27HeCGE1OEI=,69GknY5/ru7ZLiFXngWemb7y/gM=
-7,-23,1prdZnf/tDWLrA/W27HeCGE1OEI=,69GknY5/ru7ZLiFXngWemb7y/gM=
-2,-23,1prdZnf/tDWLrA/W27HeCGE1OEI=,69GknY5/ru7ZLiFXngWemb7y/gM=
-3,-23,1prdZnf/tDWLrA/W27HeCGE1OEI=,69GknY5/ru7ZLiFXngWemb7y/gM=
-9,-23,1prdZnf/tDWLrA/W27HeCGE1OEI=,69GknY5/ru7ZLiFXngWemb7y/gM=
-1,-23,1prdZnf/tDWLrA/W27HeCGE1OEI=,69GknY5/ru7ZLiFXngWemb7y/gM=
-8,-23,1prdZnf/tDWLrA/W27HeCGE1OEI=,69GknY5/ru7ZLiFXngWemb7y/gM=
-11,-31,1prdZnf/tDWLrA/W27HeCGE1OEI=,69GknY5/ru7ZLiFXngWemb7y/gM=
-4,-23,1prdZnf/tDWLrA/W27HeCGE1OEI=,69GknY5/ru7ZLiFXngWemb7y/gM=
-6,-23,1prdZnf/tDWLrA/W27HeCGE1OEI=,69GknY5/ru7ZLiFXngWemb7y/gM=
-5,-23,1prdZnf/tDWLrA/W27HeCGE1OEI=,69GknY5/ru7ZLiFXngWemb7y/gM=
-15,-23,1prdZnf/tDWLrA/W27HeCGE1OEI=,69GknY5/ru7ZLiFXngWemb7y/gM=
-10,-23,1prdZnf/tDWLrA/W27HeCGE1OEI=,69GknY5/ru7ZLiFXngWemb7y/gM=
-16,-23,1prdZnf/tDWLrA/W27HeCGE1OEI=,69GknY5/ru7ZLiFXngWemb7y/gM=
-13,-21,1prdZnf/tDWLrA/W27HeCGE1OEI=,69GknY5/ru7ZLiFXngWemb7y/gM=
-11,-23,1prdZnf/tDWLrA/W27HeCGE1OEI=,69GknY5/ru7ZLiFXngWemb7y/gM=
-14,-23,1prdZnf/tDWLrA/W27HeCGE1OEI=,69GknY5/ru7ZLiFXngWemb7y/gM=
-12,-23,1prdZnf/tDWLrA/W27HeCGE1OEI=,69GknY5/ru7ZLiFXngWemb7y/gM=
-10,-31,1prdZnf/tDWLrA/W27HeCGE1OEI=,69GknY5/ru7ZLiFXngWemb7y/gM=
-7,-32,1prdZnf/tDWLrA/W27HeCGE1OEI=,69GknY5/ru7ZLiFXngWemb7y/gM=
-2,-24,1prdZnf/tDWLrA/W27HeCGE1OEI=,69GknY5/ru7ZLiFXngWemb7y/gM=
-1,-24,1prdZnf/tDWLrA/W27HeCGE1OEI=,69GknY5/ru7ZLiFXngWemb7y/gM=
-7,-24,1prdZnf/tDWLrA/W27HeCGE1OEI=,69GknY5/ru7ZLiFXngWemb7y/gM=
-3,-24,1prdZnf/tDWLrA/W27HeCGE1OEI=,69GknY5/ru7ZLiFXngWemb7y/gM=
-9,-24,1prdZnf/tDWLrA/W27HeCGE1OEI=,69GknY5/ru7ZLiFXngWemb7y/gM=
-5,-24,1prdZnf/tDWLrA/W27HeCGE1OEI=,69GknY5/ru7ZLiFXngWemb7y/gM=
-8,-24,1prdZnf/tDWLrA/W27HeCGE1OEI=,69GknY5/ru7ZLiFXngWemb7y/gM=
-4,-24,1prdZnf/tDWLrA/W27HeCGE1OEI=,69GknY5/ru7ZLiFXngWemb7y/gM=
-9,-31,1prdZnf/tDWLrA/W27HeCGE1OEI=,69GknY5/ru7ZLiFXngWemb7y/gM=
-10,-24,1prdZnf/tDWLrA/W27HeCGE1OEI=,69GknY5/ru7ZLiFXngWemb7y/gM=
-12,-24,1prdZnf/tDWLrA/W27HeCGE1OEI=,69GknY5/ru7ZLiFXngWemb7y/gM=
-11,-24,1prdZnf/tDWLrA/W27HeCGE1OEI=,69GknY5/ru7ZLiFXngWemb7y/gM=
-6,-24,1prdZnf/tDWLrA/W27HeCGE1OEI=,69GknY5/ru7ZLiFXngWemb7y/gM=
-15,-24,1prdZnf/tDWLrA/W27HeCGE1OEI=,69GknY5/ru7ZLiFXngWemb7y/gM=
-13,-24,1prdZnf/tDWLrA/W27HeCGE1OEI=,69GknY5/ru7ZLiFXngWemb7y/gM=
-14,-24,1prdZnf/tDWLrA/W27HeCGE1OEI=,69GknY5/ru7ZLiFXngWemb7y/gM=
-8,-32,1prdZnf/tDWLrA/W27HeCGE1OEI=,69GknY5/ru7ZLiFXngWemb7y/gM=
-16,-24,1prdZnf/tDWLrA/W27HeCGE1OEI=,69GknY5/ru7ZLiFXngWemb7y/gM=
-1,-25,1prdZnf/tDWLrA/W27HeCGE1OEI=,69GknY5/ru7ZLiFXngWemb7y/gM=
-2,-25,1prdZnf/tDWLrA/W27HeCGE1OEI=,69GknY5/ru7ZLiFXngWemb7y/gM=
-8,-31,1prdZnf/tDWLrA/W27HeCGE1OEI=,69GknY5/ru7ZLiFXngWemb7y/gM=
-3,-25,1prdZnf/tDWLrA/W27HeCGE1OEI=,69GknY5/ru7ZLiFXngWemb7y/gM=
-7,-25,1prdZnf/tDWLrA/W27HeCGE1OEI=,69GknY5/ru7ZLiFXngWemb7y/gM=
-8,-25,1prdZnf/tDWLrA/W27HeCGE1OEI=,69GknY5/ru7ZLiFXngWemb7y/gM=
-13,-25,1prdZnf/tDWLrA/W27HeCGE1OEI=,69GknY5/ru7ZLiFXngWemb7y/gM=
-9,-25,1prdZnf/tDWLrA/W27HeCGE1OEI=,69GknY5/ru7ZLiFXngWemb7y/gM=
-6,-25,1prdZnf/tDWLrA/W27HeCGE1OEI=,69GknY5/ru7ZLiFXngWemb7y/gM=
-4,-25,1prdZnf/tDWLrA/W27HeCGE1OEI=,69GknY5/ru7ZLiFXngWemb7y/gM=
-11,-25,1prdZnf/tDWLrA/W27HeCGE1OEI=,69GknY5/ru7ZLiFXngWemb7y/gM=
-10,-25,1prdZnf/tDWLrA/W27HeCGE1OEI=,69GknY5/ru7ZLiFXngWemb7y/gM=
-5,-25,1prdZnf/tDWLrA/W27HeCGE1OEI=,69GknY5/ru7ZLiFXngWemb7y/gM=
-7,-31,1prdZnf/tDWLrA/W27HeCGE1OEI=,69GknY5/ru7ZLiFXngWemb7y/gM=
-15,-25,1prdZnf/tDWLrA/W27HeCGE1OEI=,69GknY5/ru7ZLiFXngWemb7y/gM=
-14,-25,1prdZnf/tDWLrA/W27HeCGE1OEI=,69GknY5/ru7ZLiFXngWemb7y/gM=
-9,-32,1prdZnf/tDWLrA/W27HeCGE1OEI=,69GknY5/ru7ZLiFXngWemb7y/gM=
-16,-25,1prdZnf/tDWLrA/W27HeCGE1OEI=,69GknY5/ru7ZLiFXngWemb7y/gM=
-1,-26,1prdZnf/tDWLrA/W27HeCGE1OEI=,69GknY5/ru7ZLiFXngWemb7y/gM=
-2,-26,1prdZnf/tDWLrA/W27HeCGE1OEI=,69GknY5/ru7ZLiFXngWemb7y/gM=
-3,-26,1prdZnf/tDWLrA/W27HeCGE1OEI=,69GknY5/ru7ZLiFXngWemb7y/gM=
-12,-25,1prdZnf/tDWLrA/W27HeCGE1OEI=,69GknY5/ru7ZLiFXngWemb7y/gM=
-4,-26,1prdZnf/tDWLrA/W27HeCGE1OEI=,69GknY5/ru7ZLiFXngWemb7y/gM=
-6,-31,1prdZnf/tDWLrA/W27HeCGE1OEI=,69GknY5/ru7ZLiFXngWemb7y/gM=
-8,-26,1prdZnf/tDWLrA/W27HeCGE1OEI=,69GknY5/ru7ZLiFXngWemb7y/gM=
-12,-26,1prdZnf/tDWLrA/W27HeCGE1OEI=,69GknY5/ru7ZLiFXngWemb7y/gM=
-11,-26,1prdZnf/tDWLrA/W27HeCGE1OEI=,69GknY5/ru7ZLiFXngWemb7y/gM=
-13,-26,1prdZnf/tDWLrA/W27HeCGE1OEI=,69GknY5/ru7ZLiFXngWemb7y/gM=
-14,-26,1prdZnf/tDWLrA/W27HeCGE1OEI=,69GknY5/ru7ZLiFXngWemb7y/gM=
-15,-26,1prdZnf/tDWLrA/W27HeCGE1OEI=,69GknY5/ru7ZLiFXngWemb7y/gM=
-6,-26,1prdZnf/tDWLrA/W27HeCGE1OEI=,69GknY5/ru7ZLiFXngWemb7y/gM=
-5,-31,1prdZnf/tDWLrA/W27HeCGE1OEI=,69GknY5/ru7ZLiFXngWemb7y/gM=
-16,-26,1prdZnf/tDWLrA/W27HeCGE1OEI=,69GknY5/ru7ZLiFXngWemb7y/gM=
-10,-26,1prdZnf/tDWLrA/W27HeCGE1OEI=,69GknY5/ru7ZLiFXngWemb7y/gM=
-2,-27,1prdZnf/tDWLrA/W27HeCGE1OEI=,69GknY5/ru7ZLiFXngWemb7y/gM=
-7,-26,1prdZnf/tDWLrA/W27HeCGE1OEI=,69GknY5/ru7ZLiFXngWemb7y/gM=
-1,-27,1prdZnf/tDWLrA/W27HeCGE1OEI=,69GknY5/ru7ZLiFXngWemb7y/gM=
-10,-32,1prdZnf/tDWLrA/W27HeCGE1OEI=,69GknY5/ru7ZLiFXngWemb7y/gM=
-3,-27,1prdZnf/tDWLrA/W27HeCGE1OEI=,69GknY5/ru7ZLiFXngWemb7y/gM=
-5,-26,1prdZnf/tDWLrA/W27HeCGE1OEI=,69GknY5/ru7ZLiFXngWemb7y/gM=
-4,-27,1prdZnf/tDWLrA/W27HeCGE1OEI=,69GknY5/ru7ZLiFXngWemb7y/gM=
-5,-27,1prdZnf/tDWLrA/W27HeCGE1OEI=,69GknY5/ru7ZLiFXngWemb7y/gM=
-10,-27,1prdZnf/tDWLrA/W27HeCGE1OEI=,69GknY5/ru7ZLiFXngWemb7y/gM=
-9,-27,1prdZnf/tDWLrA/W27HeCGE1OEI=,69GknY5/ru7ZLiFXngWemb7y/gM=
-7,-27,1prdZnf/tDWLrA/W27HeCGE1OEI=,69GknY5/ru7ZLiFXngWemb7y/gM=
-6,-27,1prdZnf/tDWLrA/W27HeCGE1OEI=,69GknY5/ru7ZLiFXngWemb7y/gM=
-4,-31,1prdZnf/tDWLrA/W27HeCGE1OEI=,69GknY5/ru7ZLiFXngWemb7y/gM=
-12,-27,1prdZnf/tDWLrA/W27HeCGE1OEI=,69GknY5/ru7ZLiFXngWemb7y/gM=
-8,-27,1prdZnf/tDWLrA/W27HeCGE1OEI=,69GknY5/ru7ZLiFXngWemb7y/gM=
-11,-27,1prdZnf/tDWLrA/W27HeCGE1OEI=,69GknY5/ru7ZLiFXngWemb7y/gM=
-13,-27,1prdZnf/tDWLrA/W27HeCGE1OEI=,69GknY5/ru7ZLiFXngWemb7y/gM=
-15,-27,1prdZnf/tDWLrA/W27HeCGE1OEI=,69GknY5/ru7ZLiFXngWemb7y/gM=
-14,-27,1prdZnf/tDWLrA/W27HeCGE1OEI=,69GknY5/ru7ZLiFXngWemb7y/gM=
-16,-27,1prdZnf/tDWLrA/W27HeCGE1OEI=,69GknY5/ru7ZLiFXngWemb7y/gM=
-2,-28,1prdZnf/tDWLrA/W27HeCGE1OEI=,69GknY5/ru7ZLiFXngWemb7y/gM=
-11,-32,1prdZnf/tDWLrA/W27HeCGE1OEI=,69GknY5/ru7ZLiFXngWemb7y/gM=
-3,-31,1prdZnf/tDWLrA/W27HeCGE1OEI=,69GknY5/ru7ZLiFXngWemb7y/gM=
-1,-28,1prdZnf/tDWLrA/W27HeCGE1OEI=,69GknY5/ru7ZLiFXngWemb7y/gM=
-3,-28,1prdZnf/tDWLrA/W27HeCGE1OEI=,69GknY5/ru7ZLiFXngWemb7y/gM=
-4,-28,1prdZnf/tDWLrA/W27HeCGE1OEI=,69GknY5/ru7ZLiFXngWemb7y/gM=
-6,-28,1prdZnf/tDWLrA/W27HeCGE1OEI=,69GknY5/ru7ZLiFXngWemb7y/gM=
-7,-28,1prdZnf/tDWLrA/W27HeCGE1OEI=,69GknY5/ru7ZLiFXngWemb7y/gM=
-5,-28,1prdZnf/tDWLrA/W27HeCGE1OEI=,69GknY5/ru7ZLiFXngWemb7y/gM=
-9,-28,1prdZnf/tDWLrA/W27HeCGE1OEI=,69GknY5/ru7ZLiFXngWemb7y/gM=
-15,-32,1prdZnf/tDWLrA/W27HeCGE1OEI=,69GknY5/ru7ZLiFXngWemb7y/gM=
-8,-28,1prdZnf/tDWLrA/W27HeCGE1OEI=,69GknY5/ru7ZLiFXngWemb7y/gM=
-10,-28,1prdZnf/tDWLrA/W27HeCGE1OEI=,69GknY5/ru7ZLiFXngWemb7y/gM=
-12,-28,1prdZnf/tDWLrA/W27HeCGE1OEI=,69GknY5/ru7ZLiFXngWemb7y/gM=
-11,-28,1prdZnf/tDWLrA/W27HeCGE1OEI=,69GknY5/ru7ZLiFXngWemb7y/gM=
-13,-28,1prdZnf/tDWLrA/W27HeCGE1OEI=,69GknY5/ru7ZLiFXngWemb7y/gM=
-15,-28,1prdZnf/tDWLrA/W27HeCGE1OEI=,69GknY5/ru7ZLiFXngWemb7y/gM=
-14,-28,1prdZnf/tDWLrA/W27HeCGE1OEI=,69GknY5/ru7ZLiFXngWemb7y/gM=
-12,-32,1prdZnf/tDWLrA/W27HeCGE1OEI=,69GknY5/ru7ZLiFXngWemb7y/gM=
-2,-31,1prdZnf/tDWLrA/W27HeCGE1OEI=,69GknY5/ru7ZLiFXngWemb7y/gM=
-1,-29,1prdZnf/tDWLrA/W27HeCGE1OEI=,69GknY5/ru7ZLiFXngWemb7y/gM=
-3,-29,1prdZnf/tDWLrA/W27HeCGE1OEI=,69GknY5/ru7ZLiFXngWemb7y/gM=
-2,-29,1prdZnf/tDWLrA/W27HeCGE1OEI=,69GknY5/ru7ZLiFXngWemb7y/gM=
-7,-29,1prdZnf/tDWLrA/W27HeCGE1OEI=,69GknY5/ru7ZLiFXngWemb7y/gM=
-8,-29,1prdZnf/tDWLrA/W27HeCGE1OEI=,69GknY5/ru7ZLiFXngWemb7y/gM=
-6,-29,1prdZnf/tDWLrA/W27HeCGE1OEI=,69GknY5/ru7ZLiFXngWemb7y/gM=
-4,-29,1prdZnf/tDWLrA/W27HeCGE1OEI=,69GknY5/ru7ZLiFXngWemb7y/gM=
-9,-26,1prdZnf/tDWLrA/W27HeCGE1OEI=,69GknY5/ru7ZLiFXngWemb7y/gM=
-5,-29,1prdZnf/tDWLrA/W27HeCGE1OEI=,69GknY5/ru7ZLiFXngWemb7y/gM=
-1,-31,1prdZnf/tDWLrA/W27HeCGE1OEI=,69GknY5/ru7ZLiFXngWemb7y/gM=
-10,-29,1prdZnf/tDWLrA/W27HeCGE1OEI=,69GknY5/ru7ZLiFXngWemb7y/gM=
-9,-29,1prdZnf/tDWLrA/W27HeCGE1OEI=,69GknY5/ru7ZLiFXngWemb7y/gM=
-11,-29,1prdZnf/tDWLrA/W27HeCGE1OEI=,69GknY5/ru7ZLiFXngWemb7y/gM=
-12,-29,1prdZnf/tDWLrA/W27HeCGE1OEI=,69GknY5/ru7ZLiFXngWemb7y/gM=
-16,-29,1prdZnf/tDWLrA/W27HeCGE1OEI=,69GknY5/ru7ZLiFXngWemb7y/gM=
-13,-29,1prdZnf/tDWLrA/W27HeCGE1OEI=,69GknY5/ru7ZLiFXngWemb7y/gM=
-15,-29,1prdZnf/tDWLrA/W27HeCGE1OEI=,69GknY5/ru7ZLiFXngWemb7y/gM=
-14,-29,1prdZnf/tDWLrA/W27HeCGE1OEI=,69GknY5/ru7ZLiFXngWemb7y/gM=
-13,-32,1prdZnf/tDWLrA/W27HeCGE1OEI=,69GknY5/ru7ZLiFXngWemb7y/gM=
-14,-32,1prdZnf/tDWLrA/W27HeCGE1OEI=,69GknY5/ru7ZLiFXngWemb7y/gM=
-13,-23,1prdZnf/tDWLrA/W27HeCGE1OEI=,69GknY5/ru7ZLiFXngWemb7y/gM=
-2,-30,1prdZnf/tDWLrA/W27HeCGE1OEI=,69GknY5/ru7ZLiFXngWemb7y/gM=
-1,-30,1prdZnf/tDWLrA/W27HeCGE1OEI=,69GknY5/ru7ZLiFXngWemb7y/gM=
-8,-30,1prdZnf/tDWLrA/W27HeCGE1OEI=,69GknY5/ru7ZLiFXngWemb7y/gM=
-5,-30,1prdZnf/tDWLrA/W27HeCGE1OEI=,69GknY5/ru7ZLiFXngWemb7y/gM=
-16,-30,1prdZnf/tDWLrA/W27HeCGE1OEI=,69GknY5/ru7ZLiFXngWemb7y/gM=
-9,-30,1prdZnf/tDWLrA/W27HeCGE1OEI=,69GknY5/ru7ZLiFXngWemb7y/gM=
-3,-30,1prdZnf/tDWLrA/W27HeCGE1OEI=,69GknY5/ru7ZLiFXngWemb7y/gM=
-7,-30,1prdZnf/tDWLrA/W27HeCGE1OEI=,69GknY5/ru7ZLiFXngWemb7y/gM=
-15,-30,1prdZnf/tDWLrA/W27HeCGE1OEI=,69GknY5/ru7ZLiFXngWemb7y/gM=
-11,-30,1prdZnf/tDWLrA/W27HeCGE1OEI=,69GknY5/ru7ZLiFXngWemb7y/gM=
-6,-30,1prdZnf/tDWLrA/W27HeCGE1OEI=,69GknY5/ru7ZLiFXngWemb7y/gM=
-4,-30,1prdZnf/tDWLrA/W27HeCGE1OEI=,69GknY5/ru7ZLiFXngWemb7y/gM=
-14,-30,1prdZnf/tDWLrA/W27HeCGE1OEI=,69GknY5/ru7ZLiFXngWemb7y/gM=
-12,-30,1prdZnf/tDWLrA/W27HeCGE1OEI=,69GknY5/ru7ZLiFXngWemb7y/gM=
-10,-30,1prdZnf/tDWLrA/W27HeCGE1OEI=,69GknY5/ru7ZLiFXngWemb7y/gM=
-13,-30,1prdZnf/tDWLrA/W27HeCGE1OEI=,69GknY5/ru7ZLiFXngWemb7y/gM=
-16,-28,1prdZnf/tDWLrA/W27HeCGE1OEI=,69GknY5/ru7ZLiFXngWemb7y/gM=
-17,-1,TLG0q6bkeCDtDZzB/+L16J2zBx4=,69GknY5/ru7ZLiFXngWemb7y/gM=
-17,-16,TLG0q6bkeCDtDZzB/+L16J2zBx4=,69GknY5/ru7ZLiFXngWemb7y/gM=
-18,-1,TLG0q6bkeCDtDZzB/+L16J2zBx4=,69GknY5/ru7ZLiFXngWemb7y/gM=
-21,-1,TLG0q6bkeCDtDZzB/+L16J2zBx4=,69GknY5/ru7ZLiFXngWemb7y/gM=
-25,-1,TLG0q6bkeCDtDZzB/+L16J2zBx4=,69GknY5/ru7ZLiFXngWemb7y/gM=
-20,-1,TLG0q6bkeCDtDZzB/+L16J2zBx4=,69GknY5/ru7ZLiFXngWemb7y/gM=
-24,-1,TLG0q6bkeCDtDZzB/+L16J2zBx4=,69GknY5/ru7ZLiFXngWemb7y/gM=
-26,-1,TLG0q6bkeCDtDZzB/+L16J2zBx4=,69GknY5/ru7ZLiFXngWemb7y/gM=
-19,-1,TLG0q6bkeCDtDZzB/+L16J2zBx4=,69GknY5/ru7ZLiFXngWemb7y/gM=
-23,-1,TLG0q6bkeCDtDZzB/+L16J2zBx4=,69GknY5/ru7ZLiFXngWemb7y/gM=
-22,-1,TLG0q6bkeCDtDZzB/+L16J2zBx4=,69GknY5/ru7ZLiFXngWemb7y/gM=
-27,-1,TLG0q6bkeCDtDZzB/+L16J2zBx4=,69GknY5/ru7ZLiFXngWemb7y/gM=
-32,-16,TLG0q6bkeCDtDZzB/+L16J2zBx4=,69GknY5/ru7ZLiFXngWemb7y/gM=
-18,-16,TLG0q6bkeCDtDZzB/+L16J2zBx4=,69GknY5/ru7ZLiFXngWemb7y/gM=
-32,-15,TLG0q6bkeCDtDZzB/+L16J2zBx4=,69GknY5/ru7ZLiFXngWemb7y/gM=
-31,-1,TLG0q6bkeCDtDZzB/+L16J2zBx4=,69GknY5/ru7ZLiFXngWemb7y/gM=
-28,-1,TLG0q6bkeCDtDZzB/+L16J2zBx4=,69GknY5/ru7ZLiFXngWemb7y/gM=
-17,-2,TLG0q6bkeCDtDZzB/+L16J2zBx4=,69GknY5/ru7ZLiFXngWemb7y/gM=
-29,-1,TLG0q6bkeCDtDZzB/+L16J2zBx4=,69GknY5/ru7ZLiFXngWemb7y/gM=
-18,-2,TLG0q6bkeCDtDZzB/+L16J2zBx4=,69GknY5/ru7ZLiFXngWemb7y/gM=
-32,-1,TLG0q6bkeCDtDZzB/+L16J2zBx4=,69GknY5/ru7ZLiFXngWemb7y/gM=
-25,-2,TLG0q6bkeCDtDZzB/+L16J2zBx4=,69GknY5/ru7ZLiFXngWemb7y/gM=
-26,-2,TLG0q6bkeCDtDZzB/+L16J2zBx4=,69GknY5/ru7ZLiFXngWemb7y/gM=
-22,-2,TLG0q6bkeCDtDZzB/+L16J2zBx4=,69GknY5/ru7ZLiFXngWemb7y/gM=
-24,-2,TLG0q6bkeCDtDZzB/+L16J2zBx4=,69GknY5/ru7ZLiFXngWemb7y/gM=
-20,-2,TLG0q6bkeCDtDZzB/+L16J2zBx4=,69GknY5/ru7ZLiFXngWemb7y/gM=
-19,-2,TLG0q6bkeCDtDZzB/+L16J2zBx4=,69GknY5/ru7ZLiFXngWemb7y/gM=
-23,-2,TLG0q6bkeCDtDZzB/+L16J2zBx4=,69GknY5/ru7ZLiFXngWemb7y/gM=
-21,-2,TLG0q6bkeCDtDZzB/+L16J2zBx4=,69GknY5/ru7ZLiFXngWemb7y/gM=
-28,-2,TLG0q6bkeCDtDZzB/+L16J2zBx4=,69GknY5/ru7ZLiFXngWemb7y/gM=
-19,-16,TLG0q6bkeCDtDZzB/+L16J2zBx4=,69GknY5/ru7ZLiFXngWemb7y/gM=
-29,-2,TLG0q6bkeCDtDZzB/+L16J2zBx4=,69GknY5/ru7ZLiFXngWemb7y/gM=
-31,-15,TLG0q6bkeCDtDZzB/+L16J2zBx4=,69GknY5/ru7ZLiFXngWemb7y/gM=
-31,-2,TLG0q6bkeCDtDZzB/+L16J2zBx4=,69GknY5/ru7ZLiFXngWemb7y/gM=
-27,-2,TLG0q6bkeCDtDZzB/+L16J2zBx4=,69GknY5/ru7ZLiFXngWemb7y/gM=
-17,-3,TLG0q6bkeCDtDZzB/+L16J2zBx4=,69GknY5/ru7ZLiFXngWemb7y/gM=
-30,-2,TLG0q6bkeCDtDZzB/+L16J2zBx4=,69GknY5/ru7ZLiFXngWemb7y/gM=
-32,-2,TLG0q6bkeCDtDZzB/+L16J2zBx4=,69GknY5/ru7ZLiFXngWemb7y/gM=
-23,-3,TLG0q6bkeCDtDZzB/+L16J2zBx4=,69GknY5/ru7ZLiFXngWemb7y/gM=
-18,-3,TLG0q6bkeCDtDZzB/+L16J2zBx4=,69GknY5/ru7ZLiFXngWemb7y/gM=
-22,-3,TLG0q6bkeCDtDZzB/+L16J2zBx4=,69GknY5/ru7ZLiFXngWemb7y/gM=
-24,-3,TLG0q6bkeCDtDZzB/+L16J2zBx4=,69GknY5/ru7ZLiFXngWemb7y/gM=
-25,-3,TLG0q6bkeCDtDZzB/+L16J2zBx4=,69GknY5/ru7ZLiFXngWemb7y/gM=
-19,-3,TLG0q6bkeCDtDZzB/+L16J2zBx4=,69GknY5/ru7ZLiFXngWemb7y/gM=
-26,-3,TLG0q6bkeCDtDZzB/+L16J2zBx4=,69GknY5/ru7ZLiFXngWemb7y/gM=
-21,-3,TLG0q6bkeCDtDZzB/+L16J2zBx4=,69GknY5/ru7ZLiFXngWemb7y/gM=
-20,-3,TLG0q6bkeCDtDZzB/+L16J2zBx4=,69GknY5/ru7ZLiFXngWemb7y/gM=
-32,-3,TLG0q6bkeCDtDZzB/+L16J2zBx4=,69GknY5/ru7ZLiFXngWemb7y/gM=
-27,-3,TLG0q6bkeCDtDZzB/+L16J2zBx4=,69GknY5/ru7ZLiFXngWemb7y/gM=
-29,-3,TLG0q6bkeCDtDZzB/+L16J2zBx4=,69GknY5/ru7ZLiFXngWemb7y/gM=
-20,-16,TLG0q6bkeCDtDZzB/+L16J2zBx4=,69GknY5/ru7ZLiFXngWemb7y/gM=
-28,-3,TLG0q6bkeCDtDZzB/+L16J2zBx4=,69GknY5/ru7ZLiFXngWemb7y/gM=
-30,-15,TLG0q6bkeCDtDZzB/+L16J2zBx4=,69GknY5/ru7ZLiFXngWemb7y/gM=
-29,-15,TLG0q6bkeCDtDZzB/+L16J2zBx4=,69GknY5/ru7ZLiFXngWemb7y/gM=
-17,-4,TLG0q6bkeCDtDZzB/+L16J2zBx4=,69GknY5/ru7ZLiFXngWemb7y/gM=
-18,-4,TLG0q6bkeCDtDZzB/+L16J2zBx4=,69GknY5/ru7ZLiFXngWemb7y/gM=
-24,-4,TLG0q6bkeCDtDZzB/+L16J2zBx4=,69GknY5/ru7ZLiFXngWemb7y/gM=
-30,-3,TLG0q6bkeCDtDZzB/+L16J2zBx4=,69GknY5/ru7ZLiFXngWemb7y/gM=
-25,-4,TLG0q6bkeCDtDZzB/+L16J2zBx4=,69GknY5/ru7ZLiFXngWemb7y/gM=
-26,-4,TLG0q6bkeCDtDZzB/+L16J2zBx4=,69GknY5/ru7ZLiFXngWemb7y/gM=
-23,-4,TLG0q6bkeCDtDZzB/+L16J2zBx4=,69GknY5/ru7ZLiFXngWemb7y/gM=
-31,-3,TLG0q6bkeCDtDZzB/+L16J2zBx4=,69GknY5/ru7ZLiFXngWemb7y/gM=
-28,-15,TLG0q6bkeCDtDZzB/+L16J2zBx4=,69GknY5/ru7ZLiFXngWemb7y/gM=
-22,-4,TLG0q6bkeCDtDZzB/+L16J2zBx4=,69GknY5/ru7ZLiFXngWemb7y/gM=
-30,-4,TLG0q6bkeCDtDZzB/+L16J2zBx4=,69GknY5/ru7ZLiFXngWemb7y/gM=
-19,-4,TLG0q6bkeCDtDZzB/+L16J2zBx4=,69GknY5/ru7ZLiFXngWemb7y/gM=
-21,-16,TLG0q6bkeCDtDZzB/+L16J2zBx4=,69GknY5/ru7ZLiFXngWemb7y/gM=
-20,-4,TLG0q6bkeCDtDZzB/+L16J2zBx4=,69GknY5/ru7ZLiFXngWemb7y/gM=
-21,-4,TLG0q6bkeCDtDZzB/+L16J2zBx4=,69GknY5/ru7ZLiFXngWemb7y/gM=
-27,-4,TLG0q6bkeCDtDZzB/+L16J2zBx4=,69GknY5/ru7ZLiFXngWemb7y/gM=
-27,-15,TLG0q6bkeCDtDZzB/+L16J2zBx4=,69GknY5/ru7ZLiFXngWemb7y/gM=
-18,-5,TLG0q6bkeCDtDZzB/+L16J2zBx4=,69GknY5/ru7ZLiFXngWemb7y/gM=
-28,-4,TLG0q6bkeCDtDZzB/+L16J2zBx4=,69GknY5/ru7ZLiFXngWemb7y/gM=
-26,-15,TLG0q6bkeCDtDZzB/+L16J2zBx4=,69GknY5/ru7ZLiFXngWemb7y/gM=
-32,-4,TLG0q6bkeCDtDZzB/+L16J2zBx4=,69GknY5/ru7ZLiFXngWemb7y/gM=
-29,-4,TLG0q6bkeCDtDZzB/+L16J2zBx4=,69GknY5/ru7ZLiFXngWemb7y/gM=
-19,-5,TLG0q6bkeCDtDZzB/+L16J2zBx4=,69GknY5/ru7ZLiFXngWemb7y/gM=
-20,-5,TLG0q6bkeCDtDZzB/+L16J2zBx4=,69GknY5/ru7ZLiFXngWemb7y/gM=
-25,-5,TLG0q6bkeCDtDZzB/+L16J2zBx4=,69GknY5/ru7ZLiFXngWemb7y/gM=
-31,-4,TLG0q6bkeCDtDZzB/+L16J2zBx4=,69GknY5/ru7ZLiFXngWemb7y/gM=
-26,-5,TLG0q6bkeCDtDZzB/+L16J2zBx4=,69GknY5/ru7ZLiFXngWemb7y/gM=
-22,-5,TLG0q6bkeCDtDZzB/+L16J2zBx4=,69GknY5/ru7ZLiFXngWemb7y/gM=
-17,-5,TLG0q6bkeCDtDZzB/+L16J2zBx4=,69GknY5/ru7ZLiFXngWemb7y/gM=
-30,-5,TLG0q6bkeCDtDZzB/+L16J2zBx4=,69GknY5/ru7ZLiFXngWemb7y/gM=
-31,-5,TLG0q6bkeCDtDZzB/+L16J2zBx4=,69GknY5/ru7ZLiFXngWemb7y/gM=
-21,-5,TLG0q6bkeCDtDZzB/+L16J2zBx4=,69GknY5/ru7ZLiFXngWemb7y/gM=
-23,-5,TLG0q6bkeCDtDZzB/+L16J2zBx4=,69GknY5/ru7ZLiFXngWemb7y/gM=
-27,-5,TLG0q6bkeCDtDZzB/+L16J2zBx4=,69GknY5/ru7ZLiFXngWemb7y/gM=
-28,-5,TLG0q6bkeCDtDZzB/+L16J2zBx4=,69GknY5/ru7ZLiFXngWemb7y/gM=
-25,-15,TLG0q6bkeCDtDZzB/+L16J2zBx4=,69GknY5/ru7ZLiFXngWemb7y/gM=
-29,-5,TLG0q6bkeCDtDZzB/+L16J2zBx4=,69GknY5/ru7ZLiFXngWemb7y/gM=
-22,-16,TLG0q6bkeCDtDZzB/+L16J2zBx4=,69GknY5/ru7ZLiFXngWemb7y/gM=
-17,-6,TLG0q6bkeCDtDZzB/+L16J2zBx4=,69GknY5/ru7ZLiFXngWemb7y/gM=
-24,-6,TLG0q6bkeCDtDZzB/+L16J2zBx4=,69GknY5/ru7ZLiFXngWemb7y/gM=
-32,-5,TLG0q6bkeCDtDZzB/+L16J2zBx4=,69GknY5/ru7ZLiFXngWemb7y/gM=
-19,-6,TLG0q6bkeCDtDZzB/+L16J2zBx4=,69GknY5/ru7ZLiFXngWemb7y/gM=
-24,-15,TLG0q6bkeCDtDZzB/+L16J2zBx4=,69GknY5/ru7ZLiFXngWemb7y/gM=
-25,-6,TLG0q6bkeCDtDZzB/+L16J2zBx4=,69GknY5/ru7ZLiFXngWemb7y/gM=
-27,-6,TLG0q6bkeCDtDZzB/+L16J2zBx4=,69GknY5/ru7ZLiFXngWemb7y/gM=
-26,-6,TLG0q6bkeCDtDZzB/+L16J2zBx4=,69GknY5/ru7ZLiFXngWemb7y/gM=
-20,-6,TLG0q6bkeCDtDZzB/+L16J2zBx4=,69GknY5/ru7ZLiFXngWemb7y/gM=
-22,-6,TLG0q6bkeCDtDZzB/+L16J2zBx4=,69GknY5/ru7ZLiFXngWemb7y/gM=
-31,-6,TLG0q6bkeCDtDZzB/+L16J2zBx4=,69GknY5/ru7ZLiFXngWemb7y/gM=
-18,-6,TLG0q6bkeCDtDZzB/+L16J2zBx4=,69GknY5/ru7ZLiFXngWemb7y/gM=
-23,-6,TLG0q6bkeCDtDZzB/+L16J2zBx4=,69GknY5/ru7ZLiFXngWemb7y/gM=
-24,-5,TLG0q6bkeCDtDZzB/+L16J2zBx4=,69GknY5/ru7ZLiFXngWemb7y/gM=
-21,-6,TLG0q6bkeCDtDZzB/+L16J2zBx4=,69GknY5/ru7ZLiFXngWemb7y/gM=
-28,-6,TLG0q6bkeCDtDZzB/+L16J2zBx4=,69GknY5/ru7ZLiFXngWemb7y/gM=
-29,-6,TLG0q6bkeCDtDZzB/+L16J2zBx4=,69GknY5/ru7ZLiFXngWemb7y/gM=
-30,-6,TLG0q6bkeCDtDZzB/+L16J2zBx4=,69GknY5/ru7ZLiFXngWemb7y/gM=
-21,-7,TLG0q6bkeCDtDZzB/+L16J2zBx4=,69GknY5/ru7ZLiFXngWemb7y/gM=
-22,-7,TLG0q6bkeCDtDZzB/+L16J2zBx4=,69GknY5/ru7ZLiFXngWemb7y/gM=
-22,-15,TLG0q6bkeCDtDZzB/+L16J2zBx4=,69GknY5/ru7ZLiFXngWemb7y/gM=
-23,-15,TLG0q6bkeCDtDZzB/+L16J2zBx4=,69GknY5/ru7ZLiFXngWemb7y/gM=
-19,-7,TLG0q6bkeCDtDZzB/+L16J2zBx4=,69GknY5/ru7ZLiFXngWemb7y/gM=
-18,-7,TLG0q6bkeCDtDZzB/+L16J2zBx4=,69GknY5/ru7ZLiFXngWemb7y/gM=
-21,-15,TLG0q6bkeCDtDZzB/+L16J2zBx4=,69GknY5/ru7ZLiFXngWemb7y/gM=
-20,-7,TLG0q6bkeCDtDZzB/+L16J2zBx4=,69GknY5/ru7ZLiFXngWemb7y/gM=
-26,-7,TLG0q6bkeCDtDZzB/+L16J2zBx4=,69GknY5/ru7ZLiFXngWemb7y/gM=
-28,-7,TLG0q6bkeCDtDZzB/+L16J2zBx4=,69GknY5/ru7ZLiFXngWemb7y/gM=
-32,-6,TLG0q6bkeCDtDZzB/+L16J2zBx4=,69GknY5/ru7ZLiFXngWemb7y/gM=
-27,-7,TLG0q6bkeCDtDZzB/+L16J2zBx4=,69GknY5/ru7ZLiFXngWemb7y/gM=
-29,-7,TLG0q6bkeCDtDZzB/+L16J2zBx4=,69GknY5/ru7ZLiFXngWemb7y/gM=
-23,-7,TLG0q6bkeCDtDZzB/+L16J2zBx4=,69GknY5/ru7ZLiFXngWemb7y/gM=
-30,-7,TLG0q6bkeCDtDZzB/+L16J2zBx4=,69GknY5/ru7ZLiFXngWemb7y/gM=
-23,-16,TLG0q6bkeCDtDZzB/+L16J2zBx4=,69GknY5/ru7ZLiFXngWemb7y/gM=
-24,-7,TLG0q6bkeCDtDZzB/+L16J2zBx4=,69GknY5/ru7ZLiFXngWemb7y/gM=
-20,-15,TLG0q6bkeCDtDZzB/+L16J2zBx4=,69GknY5/ru7ZLiFXngWemb7y/gM=
-17,-7,TLG0q6bkeCDtDZzB/+L16J2zBx4=,69GknY5/ru7ZLiFXngWemb7y/gM=
-25,-7,TLG0q6bkeCDtDZzB/+L16J2zBx4=,69GknY5/ru7ZLiFXngWemb7y/gM=
-17,-8,TLG0q6bkeCDtDZzB/+L16J2zBx4=,69GknY5/ru7ZLiFXngWemb7y/gM=
-18,-8,TLG0q6bkeCDtDZzB/+L16J2zBx4=,69GknY5/ru7ZLiFXngWemb7y/gM=
-20,-8,TLG0q6bkeCDtDZzB/+L16J2zBx4=,69GknY5/ru7ZLiFXngWemb7y/gM=
-19,-8,TLG0q6bkeCDtDZzB/+L16J2zBx4=,69GknY5/ru7ZLiFXngWemb7y/gM=
-19,-15,TLG0q6bkeCDtDZzB/+L16J2zBx4=,69GknY5/ru7ZLiFXngWemb7y/gM=
-31,-7,TLG0q6bkeCDtDZzB/+L16J2zBx4=,69GknY5/ru7ZLiFXngWemb7y/gM=
-26,-8,TLG0q6bkeCDtDZzB/+L16J2zBx4=,69GknY5/ru7ZLiFXngWemb7y/gM=
-23,-8,TLG0q6bkeCDtDZzB/+L16J2zBx4=,69GknY5/ru7ZLiFXngWemb7y/gM=
-28,-8,TLG0q6bkeCDtDZzB/+L16J2zBx4=,69GknY5/ru7ZLiFXngWemb7y/gM=
-22,-8,TLG0q6bkeCDtDZzB/+L16J2zBx4=,69GknY5/ru7ZLiFXngWemb7y/gM=
-24,-16,TLG0q6bkeCDtDZzB/+L16J2zBx4=,69GknY5/ru7ZLiFXngWemb7y/gM=
-18,-15,TLG0q6bkeCDtDZzB/+L16J2zBx4=,69GknY5/ru7ZLiFXngWemb7y/gM=
-27,-8,TLG0q6bkeCDtDZzB/+L16J2zBx4=,69GknY5/ru7ZLiFXngWemb7y/gM=
-21,-8,TLG0q6bkeCDtDZzB/+L16J2zBx4=,69GknY5/ru7ZLiFXngWemb7y/gM=
-24,-8,TLG0q6bkeCDtDZzB/+L16J2zBx4=,69GknY5/ru7ZLiFXngWemb7y/gM=
-32,-7,TLG0q6bkeCDtDZzB/+L16J2zBx4=,69GknY5/ru7ZLiFXngWemb7y/gM=
-17,-9,TLG0q6bkeCDtDZzB/+L16J2zBx4=,69GknY5/ru7ZLiFXngWemb7y/gM=
-18,-9,TLG0q6bkeCDtDZzB/+L16J2zBx4=,69GknY5/ru7ZLiFXngWemb7y/gM=
-17,-15,TLG0q6bkeCDtDZzB/+L16J2zBx4=,69GknY5/ru7ZLiFXngWemb7y/gM=
-30,-8,TLG0q6bkeCDtDZzB/+L16J2zBx4=,69GknY5/ru7ZLiFXngWemb7y/gM=
-29,-8,TLG0q6bkeCDtDZzB/+L16J2zBx4=,69GknY5/ru7ZLiFXngWemb7y/gM=
-19,-9,TLG0q6bkeCDtDZzB/+L16J2zBx4=,69GknY5/ru7ZLiFXngWemb7y/gM=
-25,-16,TLG0q6bkeCDtDZzB/+L16J2zBx4=,69GknY5/ru7ZLiFXngWemb7y/gM=
-22,-9,TLG0q6bkeCDtDZzB/+L16J2zBx4=,69GknY5/ru7ZLiFXngWemb7y/gM=
-23,-9,TLG0q6bkeCDtDZzB/+L16J2zBx4=,69GknY5/ru7ZLiFXngWemb7y/gM=
-26,-9,TLG0q6bkeCDtDZzB/+L16J2zBx4=,69GknY5/ru7ZLiFXngWemb7y/gM=
-27,-9,TLG0q6bkeCDtDZzB/+L16J2zBx4=,69GknY5/ru7ZLiFXngWemb7y/gM=
-28,-9,TLG0q6bkeCDtDZzB/+L16J2zBx4=,69GknY5/ru7ZLiFXngWemb7y/gM=
-29,-9,TLG0q6bkeCDtDZzB/+L16J2zBx4=,69GknY5/ru7ZLiFXngWemb7y/gM=
-30,-9,TLG0q6bkeCDtDZzB/+L16J2zBx4=,69GknY5/ru7ZLiFXngWemb7y/gM=
-32,-8,TLG0q6bkeCDtDZzB/+L16J2zBx4=,69GknY5/ru7ZLiFXngWemb7y/gM=
-21,-9,TLG0q6bkeCDtDZzB/+L16J2zBx4=,69GknY5/ru7ZLiFXngWemb7y/gM=
-31,-8,TLG0q6bkeCDtDZzB/+L16J2zBx4=,69GknY5/ru7ZLiFXngWemb7y/gM=
-25,-8,TLG0q6bkeCDtDZzB/+L16J2zBx4=,69GknY5/ru7ZLiFXngWemb7y/gM=
-32,-9,TLG0q6bkeCDtDZzB/+L16J2zBx4=,69GknY5/ru7ZLiFXngWemb7y/gM=
-25,-9,TLG0q6bkeCDtDZzB/+L16J2zBx4=,69GknY5/ru7ZLiFXngWemb7y/gM=
-24,-9,TLG0q6bkeCDtDZzB/+L16J2zBx4=,69GknY5/ru7ZLiFXngWemb7y/gM=
-19,-10,TLG0q6bkeCDtDZzB/+L16J2zBx4=,69GknY5/ru7ZLiFXngWemb7y/gM=
-20,-9,TLG0q6bkeCDtDZzB/+L16J2zBx4=,69GknY5/ru7ZLiFXngWemb7y/gM=
-32,-14,TLG0q6bkeCDtDZzB/+L16J2zBx4=,69GknY5/ru7ZLiFXngWemb7y/gM=
-26,-16,TLG0q6bkeCDtDZzB/+L16J2zBx4=,69GknY5/ru7ZLiFXngWemb7y/gM=
-31,-9,TLG0q6bkeCDtDZzB/+L16J2zBx4=,69GknY5/ru7ZLiFXngWemb7y/gM=
-18,-10,TLG0q6bkeCDtDZzB/+L16J2zBx4=,69GknY5/ru7ZLiFXngWemb7y/gM=
-17,-10,TLG0q6bkeCDtDZzB/+L16J2zBx4=,69GknY5/ru7ZLiFXngWemb7y/gM=
-26,-10,TLG0q6bkeCDtDZzB/+L16J2zBx4=,69GknY5/ru7ZLiFXngWemb7y/gM=
-27,-10,TLG0q6bkeCDtDZzB/+L16J2zBx4=,69GknY5/ru7ZLiFXngWemb7y/gM=
-23,-10,TLG0q6bkeCDtDZzB/+L16J2zBx4=,69GknY5/ru7ZLiFXngWemb7y/gM=
-29,-10,TLG0q6bkeCDtDZzB/+L16J2zBx4=,69GknY5/ru7ZLiFXngWemb7y/gM=
-30,-10,TLG0q6bkeCDtDZzB/+L16J2zBx4=,69GknY5/ru7ZLiFXngWemb7y/gM=
-28,-10,TLG0q6bkeCDtDZzB/+L16J2zBx4=,69GknY5/ru7ZLiFXngWemb7y/gM=
-20,-10,TLG0q6bkeCDtDZzB/+L16J2zBx4=,69GknY5/ru7ZLiFXngWemb7y/gM=
-32,-10,TLG0q6bkeCDtDZzB/+L16J2zBx4=,69GknY5/ru7ZLiFXngWemb7y/gM=
-21,-10,TLG0q6bkeCDtDZzB/+L16J2zBx4=,69GknY5/ru7ZLiFXngWemb7y/gM=
-24,-10,TLG0q6bkeCDtDZzB/+L16J2zBx4=,69GknY5/ru7ZLiFXngWemb7y/gM=
-22,-10,TLG0q6bkeCDtDZzB/+L16J2zBx4=,69GknY5/ru7ZLiFXngWemb7y/gM=
-25,-10,TLG0q6bkeCDtDZzB/+L16J2zBx4=,69GknY5/ru7ZLiFXngWemb7y/gM=
-17,-11,TLG0q6bkeCDtDZzB/+L16J2zBx4=,69GknY5/ru7ZLiFXngWemb7y/gM=
-18,-11,TLG0q6bkeCDtDZzB/+L16J2zBx4=,69GknY5/ru7ZLiFXngWemb7y/gM=
-27,-16,TLG0q6bkeCDtDZzB/+L16J2zBx4=,69GknY5/ru7ZLiFXngWemb7y/gM=
-31,-10,TLG0q6bkeCDtDZzB/+L16J2zBx4=,69GknY5/ru7ZLiFXngWemb7y/gM=
-19,-11,TLG0q6bkeCDtDZzB/+L16J2zBx4=,69GknY5/ru7ZLiFXngWemb7y/gM=
-26,-11,TLG0q6bkeCDtDZzB/+L16J2zBx4=,69GknY5/ru7ZLiFXngWemb7y/gM=
-28,-11,TLG0q6bkeCDtDZzB/+L16J2zBx4=,69GknY5/ru7ZLiFXngWemb7y/gM=
-29,-11,TLG0q6bkeCDtDZzB/+L16J2zBx4=,69GknY5/ru7ZLiFXngWemb7y/gM=
-27,-11,TLG0q6bkeCDtDZzB/+L16J2zBx4=,69GknY5/ru7ZLiFXngWemb7y/gM=
-30,-1,TLG0q6bkeCDtDZzB/+L16J2zBx4=,69GknY5/ru7ZLiFXngWemb7y/gM=
-20,-11,TLG0q6bkeCDtDZzB/+L16J2zBx4=,69GknY5/ru7ZLiFXngWemb7y/gM=
-28,-16,TLG0q6bkeCDtDZzB/+L16J2zBx4=,69GknY5/ru7ZLiFXngWemb7y/gM=
-30,-11,TLG0q6bkeCDtDZzB/+L16J2zBx4=,69GknY5/ru7ZLiFXngWemb7y/gM=
-17,-12,TLG0q6bkeCDtDZzB/+L16J2zBx4=,69GknY5/ru7ZLiFXngWemb7y/gM=
-31,-16,TLG0q6bkeCDtDZzB/+L16J2zBx4=,69GknY5/ru7ZLiFXngWemb7y/gM=
-22,-11,TLG0q6bkeCDtDZzB/+L16J2zBx4=,69GknY5/ru7ZLiFXngWemb7y/gM=
-25,-11,TLG0q6bkeCDtDZzB/+L16J2zBx4=,69GknY5/ru7ZLiFXngWemb7y/gM=
-21,-11,TLG0q6bkeCDtDZzB/+L16J2zBx4=,69GknY5/ru7ZLiFXngWemb7y/gM=
-20,-12,TLG0q6bkeCDtDZzB/+L16J2zBx4=,69GknY5/ru7ZLiFXngWemb7y/gM=
-24,-11,TLG0q6bkeCDtDZzB/+L16J2zBx4=,69GknY5/ru7ZLiFXngWemb7y/gM=
-23,-11,TLG0q6bkeCDtDZzB/+L16J2zBx4=,69GknY5/ru7ZLiFXngWemb7y/gM=
-21,-12,TLG0q6bkeCDtDZzB/+L16J2zBx4=,69GknY5/ru7ZLiFXngWemb7y/gM=
-18,-12,TLG0q6bkeCDtDZzB/+L16J2zBx4=,69GknY5/ru7ZLiFXngWemb7y/gM=
-32,-11,TLG0q6bkeCDtDZzB/+L16J2zBx4=,69GknY5/ru7ZLiFXngWemb7y/gM=
-31,-14,TLG0q6bkeCDtDZzB/+L16J2zBx4=,69GknY5/ru7ZLiFXngWemb7y/gM=
-22,-12,TLG0q6bkeCDtDZzB/+L16J2zBx4=,69GknY5/ru7ZLiFXngWemb7y/gM=
-19,-12,TLG0q6bkeCDtDZzB/+L16J2zBx4=,69GknY5/ru7ZLiFXngWemb7y/gM=
-31,-11,TLG0q6bkeCDtDZzB/+L16J2zBx4=,69GknY5/ru7ZLiFXngWemb7y/gM=
-28,-12,TLG0q6bkeCDtDZzB/+L16J2zBx4=,69GknY5/ru7ZLiFXngWemb7y/gM=
-29,-12,TLG0q6bkeCDtDZzB/+L16J2zBx4=,69GknY5/ru7ZLiFXngWemb7y/gM=
-24,-12,TLG0q6bkeCDtDZzB/+L16J2zBx4=,69GknY5/ru7ZLiFXngWemb7y/gM=
-26,-12,TLG0q6bkeCDtDZzB/+L16J2zBx4=,69GknY5/ru7ZLiFXngWemb7y/gM=
-23,-12,TLG0q6bkeCDtDZzB/+L16J2zBx4=,69GknY5/ru7ZLiFXngWemb7y/gM=
-25,-12,TLG0q6bkeCDtDZzB/+L16J2zBx4=,69GknY5/ru7ZLiFXngWemb7y/gM=
-31,-12,TLG0q6bkeCDtDZzB/+L16J2zBx4=,69GknY5/ru7ZLiFXngWemb7y/gM=
-30,-14,TLG0q6bkeCDtDZzB/+L16J2zBx4=,69GknY5/ru7ZLiFXngWemb7y/gM=
-18,-13,TLG0q6bkeCDtDZzB/+L16J2zBx4=,69GknY5/ru7ZLiFXngWemb7y/gM=
-27,-12,TLG0q6bkeCDtDZzB/+L16J2zBx4=,69GknY5/ru7ZLiFXngWemb7y/gM=
-30,-12,TLG0q6bkeCDtDZzB/+L16J2zBx4=,69GknY5/ru7ZLiFXngWemb7y/gM=
-19,-13,TLG0q6bkeCDtDZzB/+L16J2zBx4=,69GknY5/ru7ZLiFXngWemb7y/gM=
-21,-13,TLG0q6bkeCDtDZzB/+L16J2zBx4=,69GknY5/ru7ZLiFXngWemb7y/gM=
-20,-13,TLG0q6bkeCDtDZzB/+L16J2zBx4=,69GknY5/ru7ZLiFXngWemb7y/gM=
-22,-13,TLG0q6bkeCDtDZzB/+L16J2zBx4=,69GknY5/ru7ZLiFXngWemb7y/gM=
-32,-12,TLG0q6bkeCDtDZzB/+L16J2zBx4=,69GknY5/ru7ZLiFXngWemb7y/gM=
-23,-13,TLG0q6bkeCDtDZzB/+L16J2zBx4=,69GknY5/ru7ZLiFXngWemb7y/gM=
-29,-16,TLG0q6bkeCDtDZzB/+L16J2zBx4=,69GknY5/ru7ZLiFXngWemb7y/gM=
-24,-13,TLG0q6bkeCDtDZzB/+L16J2zBx4=,69GknY5/ru7ZLiFXngWemb7y/gM=
-26,-13,TLG0q6bkeCDtDZzB/+L16J2zBx4=,69GknY5/ru7ZLiFXngWemb7y/gM=
-29,-14,TLG0q6bkeCDtDZzB/+L16J2zBx4=,69GknY5/ru7ZLiFXngWemb7y/gM=
-27,-13,TLG0q6bkeCDtDZzB/+L16J2zBx4=,69GknY5/ru7ZLiFXngWemb7y/gM=
-25,-13,TLG0q6bkeCDtDZzB/+L16J2zBx4=,69GknY5/ru7ZLiFXngWemb7y/gM=
-28,-14,TLG0q6bkeCDtDZzB/+L16J2zBx4=,69GknY5/ru7ZLiFXngWemb7y/gM=
-28,-13,TLG0q6bkeCDtDZzB/+L16J2zBx4=,69GknY5/ru7ZLiFXngWemb7y/gM=
-17,-14,TLG0q6bkeCDtDZzB/+L16J2zBx4=,69GknY5/ru7ZLiFXngWemb7y/gM=
-18,-14,TLG0q6bkeCDtDZzB/+L16J2zBx4=,69GknY5/ru7ZLiFXngWemb7y/gM=
-27,-14,TLG0q6bkeCDtDZzB/+L16J2zBx4=,69GknY5/ru7ZLiFXngWemb7y/gM=
-30,-13,TLG0q6bkeCDtDZzB/+L16J2zBx4=,69GknY5/ru7ZLiFXngWemb7y/gM=
-31,-13,TLG0q6bkeCDtDZzB/+L16J2zBx4=,69GknY5/ru7ZLiFXngWemb7y/gM=
-19,-14,TLG0q6bkeCDtDZzB/+L16J2zBx4=,69GknY5/ru7ZLiFXngWemb7y/gM=
-26,-14,TLG0q6bkeCDtDZzB/+L16J2zBx4=,69GknY5/ru7ZLiFXngWemb7y/gM=
-29,-13,TLG0q6bkeCDtDZzB/+L16J2zBx4=,69GknY5/ru7ZLiFXngWemb7y/gM=
-32,-13,TLG0q6bkeCDtDZzB/+L16J2zBx4=,69GknY5/ru7ZLiFXngWemb7y/gM=
-20,-14,TLG0q6bkeCDtDZzB/+L16J2zBx4=,69GknY5/ru7ZLiFXngWemb7y/gM=
-24,-14,TLG0q6bkeCDtDZzB/+L16J2zBx4=,69GknY5/ru7ZLiFXngWemb7y/gM=
-25,-14,TLG0q6bkeCDtDZzB/+L16J2zBx4=,69GknY5/ru7ZLiFXngWemb7y/gM=
-30,-16,TLG0q6bkeCDtDZzB/+L16J2zBx4=,69GknY5/ru7ZLiFXngWemb7y/gM=
-21,-14,TLG0q6bkeCDtDZzB/+L16J2zBx4=,69GknY5/ru7ZLiFXngWemb7y/gM=
-22,-14,TLG0q6bkeCDtDZzB/+L16J2zBx4=,69GknY5/ru7ZLiFXngWemb7y/gM=
-17,-13,TLG0q6bkeCDtDZzB/+L16J2zBx4=,69GknY5/ru7ZLiFXngWemb7y/gM=
-23,-14,TLG0q6bkeCDtDZzB/+L16J2zBx4=,69GknY5/ru7ZLiFXngWemb7y/gM=
-16,-15,TLG0q6bkeCDtDZzB/+L16J2zBx4=,69GknY5/ru7ZLiFXngWemb7y/gM=
-5,-16,TLG0q6bkeCDtDZzB/+L16J2zBx4=,69GknY5/ru7ZLiFXngWemb7y/gM=
-1,-1,TLG0q6bkeCDtDZzB/+L16J2zBx4=,69GknY5/ru7ZLiFXngWemb7y/gM=
-2,-1,TLG0q6bkeCDtDZzB/+L16J2zBx4=,69GknY5/ru7ZLiFXngWemb7y/gM=
-2,-16,TLG0q6bkeCDtDZzB/+L16J2zBx4=,69GknY5/ru7ZLiFXngWemb7y/gM=
-3,-16,TLG0q6bkeCDtDZzB/+L16J2zBx4=,69GknY5/ru7ZLiFXngWemb7y/gM=
-7,-16,TLG0q6bkeCDtDZzB/+L16J2zBx4=,69GknY5/ru7ZLiFXngWemb7y/gM=
-4,-16,TLG0q6bkeCDtDZzB/+L16J2zBx4=,69GknY5/ru7ZLiFXngWemb7y/gM=
-1,-16,TLG0q6bkeCDtDZzB/+L16J2zBx4=,69GknY5/ru7ZLiFXngWemb7y/gM=
-9,-16,TLG0q6bkeCDtDZzB/+L16J2zBx4=,69GknY5/ru7ZLiFXngWemb7y/gM=
-13,-16,TLG0q6bkeCDtDZzB/+L16J2zBx4=,69GknY5/ru7ZLiFXngWemb7y/gM=
-6,-16,TLG0q6bkeCDtDZzB/+L16J2zBx4=,69GknY5/ru7ZLiFXngWemb7y/gM=
-8,-16,TLG0q6bkeCDtDZzB/+L16J2zBx4=,69GknY5/ru7ZLiFXngWemb7y/gM=
-10,-16,TLG0q6bkeCDtDZzB/+L16J2zBx4=,69GknY5/ru7ZLiFXngWemb7y/gM=
-14,-16,TLG0q6bkeCDtDZzB/+L16J2zBx4=,69GknY5/ru7ZLiFXngWemb7y/gM=
-4,-1,TLG0q6bkeCDtDZzB/+L16J2zBx4=,69GknY5/ru7ZLiFXngWemb7y/gM=
-15,-16,TLG0q6bkeCDtDZzB/+L16J2zBx4=,69GknY5/ru7ZLiFXngWemb7y/gM=
-11,-16,TLG0q6bkeCDtDZzB/+L16J2zBx4=,69GknY5/ru7ZLiFXngWemb7y/gM=
-5,-1,TLG0q6bkeCDtDZzB/+L16J2zBx4=,69GknY5/ru7ZLiFXngWemb7y/gM=
-16,-16,TLG0q6bkeCDtDZzB/+L16J2zBx4=,69GknY5/ru7ZLiFXngWemb7y/gM=
-3,-1,TLG0q6bkeCDtDZzB/+L16J2zBx4=,69GknY5/ru7ZLiFXngWemb7y/gM=
-7,-1,TLG0q6bkeCDtDZzB/+L16J2zBx4=,69GknY5/ru7ZLiFXngWemb7y/gM=
-13,-1,TLG0q6bkeCDtDZzB/+L16J2zBx4=,69GknY5/ru7ZLiFXngWemb7y/gM=
-6,-1,TLG0q6bkeCDtDZzB/+L16J2zBx4=,69GknY5/ru7ZLiFXngWemb7y/gM=
-8,-1,TLG0q6bkeCDtDZzB/+L16J2zBx4=,69GknY5/ru7ZLiFXngWemb7y/gM=
-11,-1,TLG0q6bkeCDtDZzB/+L16J2zBx4=,69GknY5/ru7ZLiFXngWemb7y/gM=
-14,-1,TLG0q6bkeCDtDZzB/+L16J2zBx4=,69GknY5/ru7ZLiFXngWemb7y/gM=
-10,-1,TLG0q6bkeCDtDZzB/+L16J2zBx4=,69GknY5/ru7ZLiFXngWemb7y/gM=
-16,-1,TLG0q6bkeCDtDZzB/+L16J2zBx4=,69GknY5/ru7ZLiFXngWemb7y/gM=
-15,-1,TLG0q6bkeCDtDZzB/+L16J2zBx4=,69GknY5/ru7ZLiFXngWemb7y/gM=
-9,-1,TLG0q6bkeCDtDZzB/+L16J2zBx4=,69GknY5/ru7ZLiFXngWemb7y/gM=
-12,-1,TLG0q6bkeCDtDZzB/+L16J2zBx4=,69GknY5/ru7ZLiFXngWemb7y/gM=
-5,-2,TLG0q6bkeCDtDZzB/+L16J2zBx4=,69GknY5/ru7ZLiFXngWemb7y/gM=
-10,-2,TLG0q6bkeCDtDZzB/+L16J2zBx4=,69GknY5/ru7ZLiFXngWemb7y/gM=
-2,-2,TLG0q6bkeCDtDZzB/+L16J2zBx4=,69GknY5/ru7ZLiFXngWemb7y/gM=
-4,-2,TLG0q6bkeCDtDZzB/+L16J2zBx4=,69GknY5/ru7ZLiFXngWemb7y/gM=
-8,-2,TLG0q6bkeCDtDZzB/+L16J2zBx4=,69GknY5/ru7ZLiFXngWemb7y/gM=
-6,-2,TLG0q6bkeCDtDZzB/+L16J2zBx4=,69GknY5/ru7ZLiFXngWemb7y/gM=
-1,-2,TLG0q6bkeCDtDZzB/+L16J2zBx4=,69GknY5/ru7ZLiFXngWemb7y/gM=
-9,-2,TLG0q6bkeCDtDZzB/+L16J2zBx4=,69GknY5/ru7ZLiFXngWemb7y/gM=
-7,-2,TLG0q6bkeCDtDZzB/+L16J2zBx4=,69GknY5/ru7ZLiFXngWemb7y/gM=
-11,-2,TLG0q6bkeCDtDZzB/+L16J2zBx4=,69GknY5/ru7ZLiFXngWemb7y/gM=
-3,-2,TLG0q6bkeCDtDZzB/+L16J2zBx4=,69GknY5/ru7ZLiFXngWemb7y/gM=
-12,-2,TLG0q6bkeCDtDZzB/+L16J2zBx4=,69GknY5/ru7ZLiFXngWemb7y/gM=
-13,-2,TLG0q6bkeCDtDZzB/+L16J2zBx4=,69GknY5/ru7ZLiFXngWemb7y/gM=
-16,-2,TLG0q6bkeCDtDZzB/+L16J2zBx4=,69GknY5/ru7ZLiFXngWemb7y/gM=
-15,-2,TLG0q6bkeCDtDZzB/+L16J2zBx4=,69GknY5/ru7ZLiFXngWemb7y/gM=
-14,-2,TLG0q6bkeCDtDZzB/+L16J2zBx4=,69GknY5/ru7ZLiFXngWemb7y/gM=
-5,-3,TLG0q6bkeCDtDZzB/+L16J2zBx4=,69GknY5/ru7ZLiFXngWemb7y/gM=
-4,-3,TLG0q6bkeCDtDZzB/+L16J2zBx4=,69GknY5/ru7ZLiFXngWemb7y/gM=
-3,-3,TLG0q6bkeCDtDZzB/+L16J2zBx4=,69GknY5/ru7ZLiFXngWemb7y/gM=
-8,-3,TLG0q6bkeCDtDZzB/+L16J2zBx4=,69GknY5/ru7ZLiFXngWemb7y/gM=
-6,-3,TLG0q6bkeCDtDZzB/+L16J2zBx4=,69GknY5/ru7ZLiFXngWemb7y/gM=
-2,-3,TLG0q6bkeCDtDZzB/+L16J2zBx4=,69GknY5/ru7ZLiFXngWemb7y/gM=
-12,-16,TLG0q6bkeCDtDZzB/+L16J2zBx4=,69GknY5/ru7ZLiFXngWemb7y/gM=
-9,-3,TLG0q6bkeCDtDZzB/+L16J2zBx4=,69GknY5/ru7ZLiFXngWemb7y/gM=
-11,-3,TLG0q6bkeCDtDZzB/+L16J2zBx4=,69GknY5/ru7ZLiFXngWemb7y/gM=
-12,-3,TLG0q6bkeCDtDZzB/+L16J2zBx4=,69GknY5/ru7ZLiFXngWemb7y/gM=
-7,-3,TLG0q6bkeCDtDZzB/+L16J2zBx4=,69GknY5/ru7ZLiFXngWemb7y/gM=
-10,-3,TLG0q6bkeCDtDZzB/+L16J2zBx4=,69GknY5/ru7ZLiFXngWemb7y/gM=
-1,-3,TLG0q6bkeCDtDZzB/+L16J2zBx4=,69GknY5/ru7ZLiFXngWemb7y/gM=
-4,-4,TLG0q6bkeCDtDZzB/+L16J2zBx4=,69GknY5/ru7ZLiFXngWemb7y/gM=
-16,-3,TLG0q6bkeCDtDZzB/+L16J2zBx4=,69GknY5/ru7ZLiFXngWemb7y/gM=
-6,-4,TLG0q6bkeCDtDZzB/+L16J2zBx4=,69GknY5/ru7ZLiFXngWemb7y/gM=
-3,-4,TLG0q6bkeCDtDZzB/+L16J2zBx4=,69GknY5/ru7ZLiFXngWemb7y/gM=
-2,-4,TLG0q6bkeCDtDZzB/+L16J2zBx4=,69GknY5/ru7ZLiFXngWemb7y/gM=
-8,-4,TLG0q6bkeCDtDZzB/+L16J2zBx4=,69GknY5/ru7ZLiFXngWemb7y/gM=
-13,-3,TLG0q6bkeCDtDZzB/+L16J2zBx4=,69GknY5/ru7ZLiFXngWemb7y/gM=
-7,-4,TLG0q6bkeCDtDZzB/+L16J2zBx4=,69GknY5/ru7ZLiFXngWemb7y/gM=
-5,-4,TLG0q6bkeCDtDZzB/+L16J2zBx4=,69GknY5/ru7ZLiFXngWemb7y/gM=
-1,-4,TLG0q6bkeCDtDZzB/+L16J2zBx4=,69GknY5/ru7ZLiFXngWemb7y/gM=
-14,-3,TLG0q6bkeCDtDZzB/+L16J2zBx4=,69GknY5/ru7ZLiFXngWemb7y/gM=
-15,-3,TLG0q6bkeCDtDZzB/+L16J2zBx4=,69GknY5/ru7ZLiFXngWemb7y/gM=
-13,-4,TLG0q6bkeCDtDZzB/+L16J2zBx4=,69GknY5/ru7ZLiFXngWemb7y/gM=
-9,-4,TLG0q6bkeCDtDZzB/+L16J2zBx4=,69GknY5/ru7ZLiFXngWemb7y/gM=
-3,-5,TLG0q6bkeCDtDZzB/+L16J2zBx4=,69GknY5/ru7ZLiFXngWemb7y/gM=
-12,-4,TLG0q6bkeCDtDZzB/+L16J2zBx4=,69GknY5/ru7ZLiFXngWemb7y/gM=
-2,-5,TLG0q6bkeCDtDZzB/+L16J2zBx4=,69GknY5/ru7ZLiFXngWemb7y/gM=
-4,-5,TLG0q6bkeCDtDZzB/+L16J2zBx4=,69GknY5/ru7ZLiFXngWemb7y/gM=
-10,-4,TLG0q6bkeCDtDZzB/+L16J2zBx4=,69GknY5/ru7ZLiFXngWemb7y/gM=
-7,-5,TLG0q6bkeCDtDZzB/+L16J2zBx4=,69GknY5/ru7ZLiFXngWemb7y/gM=
-14,-4,TLG0q6bkeCDtDZzB/+L16J2zBx4=,69GknY5/ru7ZLiFXngWemb7y/gM=
-16,-4,TLG0q6bkeCDtDZzB/+L16J2zBx4=,69GknY5/ru7ZLiFXngWemb7y/gM=
-8,-5,TLG0q6bkeCDtDZzB/+L16J2zBx4=,69GknY5/ru7ZLiFXngWemb7y/gM=
-5,-5,TLG0q6bkeCDtDZzB/+L16J2zBx4=,69GknY5/ru7ZLiFXngWemb7y/gM=
-11,-4,TLG0q6bkeCDtDZzB/+L16J2zBx4=,69GknY5/ru7ZLiFXngWemb7y/gM=
-6,-5,TLG0q6bkeCDtDZzB/+L16J2zBx4=,69GknY5/ru7ZLiFXngWemb7y/gM=
-15,-4,TLG0q6bkeCDtDZzB/+L16J2zBx4=,69GknY5/ru7ZLiFXngWemb7y/gM=
-12,-5,TLG0q6bkeCDtDZzB/+L16J2zBx4=,69GknY5/ru7ZLiFXngWemb7y/gM=
-13,-5,TLG0q6bkeCDtDZzB/+L16J2zBx4=,69GknY5/ru7ZLiFXngWemb7y/gM=
-9,-5,TLG0q6bkeCDtDZzB/+L16J2zBx4=,69GknY5/ru7ZLiFXngWemb7y/gM=
-14,-5,TLG0q6bkeCDtDZzB/+L16J2zBx4=,69GknY5/ru7ZLiFXngWemb7y/gM=
-11,-5,TLG0q6bkeCDtDZzB/+L16J2zBx4=,69GknY5/ru7ZLiFXngWemb7y/gM=
-3,-6,TLG0q6bkeCDtDZzB/+L16J2zBx4=,69GknY5/ru7ZLiFXngWemb7y/gM=
-1,-6,TLG0q6bkeCDtDZzB/+L16J2zBx4=,69GknY5/ru7ZLiFXngWemb7y/gM=
-2,-6,TLG0q6bkeCDtDZzB/+L16J2zBx4=,69GknY5/ru7ZLiFXngWemb7y/gM=
-4,-6,TLG0q6bkeCDtDZzB/+L16J2zBx4=,69GknY5/ru7ZLiFXngWemb7y/gM=
-10,-5,TLG0q6bkeCDtDZzB/+L16J2zBx4=,69GknY5/ru7ZLiFXngWemb7y/gM=
-5,-6,TLG0q6bkeCDtDZzB/+L16J2zBx4=,69GknY5/ru7ZLiFXngWemb7y/gM=
-7,-6,TLG0q6bkeCDtDZzB/+L16J2zBx4=,69GknY5/ru7ZLiFXngWemb7y/gM=
-8,-6,TLG0q6bkeCDtDZzB/+L16J2zBx4=,69GknY5/ru7ZLiFXngWemb7y/gM=
-15,-5,TLG0q6bkeCDtDZzB/+L16J2zBx4=,69GknY5/ru7ZLiFXngWemb7y/gM=
-11,-6,TLG0q6bkeCDtDZzB/+L16J2zBx4=,69GknY5/ru7ZLiFXngWemb7y/gM=
-9,-6,TLG0q6bkeCDtDZzB/+L16J2zBx4=,69GknY5/ru7ZLiFXngWemb7y/gM=
-10,-6,TLG0q6bkeCDtDZzB/+L16J2zBx4=,69GknY5/ru7ZLiFXngWemb7y/gM=
-12,-6,TLG0q6bkeCDtDZzB/+L16J2zBx4=,69GknY5/ru7ZLiFXngWemb7y/gM=
-14,-6,TLG0q6bkeCDtDZzB/+L16J2zBx4=,69GknY5/ru7ZLiFXngWemb7y/gM=
-16,-5,TLG0q6bkeCDtDZzB/+L16J2zBx4=,69GknY5/ru7ZLiFXngWemb7y/gM=
-2,-7,TLG0q6bkeCDtDZzB/+L16J2zBx4=,69GknY5/ru7ZLiFXngWemb7y/gM=
-13,-6,TLG0q6bkeCDtDZzB/+L16J2zBx4=,69GknY5/ru7ZLiFXngWemb7y/gM=
-7,-7,TLG0q6bkeCDtDZzB/+L16J2zBx4=,69GknY5/ru7ZLiFXngWemb7y/gM=
-1,-7,TLG0q6bkeCDtDZzB/+L16J2zBx4=,69GknY5/ru7ZLiFXngWemb7y/gM=
-3,-7,TLG0q6bkeCDtDZzB/+L16J2zBx4=,69GknY5/ru7ZLiFXngWemb7y/gM=
-11,-7,TLG0q6bkeCDtDZzB/+L16J2zBx4=,69GknY5/ru7ZLiFXngWemb7y/gM=
-15,-6,TLG0q6bkeCDtDZzB/+L16J2zBx4=,69GknY5/ru7ZLiFXngWemb7y/gM=
-4,-7,TLG0q6bkeCDtDZzB/+L16J2zBx4=,69GknY5/ru7ZLiFXngWemb7y/gM=
-5,-7,TLG0q6bkeCDtDZzB/+L16J2zBx4=,69GknY5/ru7ZLiFXngWemb7y/gM=
-6,-7,TLG0q6bkeCDtDZzB/+L16J2zBx4=,69GknY5/ru7ZLiFXngWemb7y/gM=
-8,-7,TLG0q6bkeCDtDZzB/+L16J2zBx4=,69GknY5/ru7ZLiFXngWemb7y/gM=
-12,-7,TLG0q6bkeCDtDZzB/+L16J2zBx4=,69GknY5/ru7ZLiFXngWemb7y/gM=
-13,-7,TLG0q6bkeCDtDZzB/+L16J2zBx4=,69GknY5/ru7ZLiFXngWemb7y/gM=
-14,-7,TLG0q6bkeCDtDZzB/+L16J2zBx4=,69GknY5/ru7ZLiFXngWemb7y/gM=
-10,-7,TLG0q6bkeCDtDZzB/+L16J2zBx4=,69GknY5/ru7ZLiFXngWemb7y/gM=
-15,-7,TLG0q6bkeCDtDZzB/+L16J2zBx4=,69GknY5/ru7ZLiFXngWemb7y/gM=
-1,-8,TLG0q6bkeCDtDZzB/+L16J2zBx4=,69GknY5/ru7ZLiFXngWemb7y/gM=
-2,-8,TLG0q6bkeCDtDZzB/+L16J2zBx4=,69GknY5/ru7ZLiFXngWemb7y/gM=
-9,-8,TLG0q6bkeCDtDZzB/+L16J2zBx4=,69GknY5/ru7ZLiFXngWemb7y/gM=
-16,-6,TLG0q6bkeCDtDZzB/+L16J2zBx4=,69GknY5/ru7ZLiFXngWemb7y/gM=
-3,-8,TLG0q6bkeCDtDZzB/+L16J2zBx4=,69GknY5/ru7ZLiFXngWemb7y/gM=
-4,-8,TLG0q6bkeCDtDZzB/+L16J2zBx4=,69GknY5/ru7ZLiFXngWemb7y/gM=
-9,-7,TLG0q6bkeCDtDZzB/+L16J2zBx4=,69GknY5/ru7ZLiFXngWemb7y/gM=
-6,-8,TLG0q6bkeCDtDZzB/+L16J2zBx4=,69GknY5/ru7ZLiFXngWemb7y/gM=
-1,-5,TLG0q6bkeCDtDZzB/+L16J2zBx4=,69GknY5/ru7ZLiFXngWemb7y/gM=
-13,-8,TLG0q6bkeCDtDZzB/+L16J2zBx4=,69GknY5/ru7ZLiFXngWemb7y/gM=
-10,-8,TLG0q6bkeCDtDZzB/+L16J2zBx4=,69GknY5/ru7ZLiFXngWemb7y/gM=
-8,-8,TLG0q6bkeCDtDZzB/+L16J2zBx4=,69GknY5/ru7ZLiFXngWemb7y/gM=
-5,-8,TLG0q6bkeCDtDZzB/+L16J2zBx4=,69GknY5/ru7ZLiFXngWemb7y/gM=
-12,-8,TLG0q6bkeCDtDZzB/+L16J2zBx4=,69GknY5/ru7ZLiFXngWemb7y/gM=
-11,-8,TLG0q6bkeCDtDZzB/+L16J2zBx4=,69GknY5/ru7ZLiFXngWemb7y/gM=
-16,-7,TLG0q6bkeCDtDZzB/+L16J2zBx4=,69GknY5/ru7ZLiFXngWemb7y/gM=
-1,-9,TLG0q6bkeCDtDZzB/+L16J2zBx4=,69GknY5/ru7ZLiFXngWemb7y/gM=
-2,-9,TLG0q6bkeCDtDZzB/+L16J2zBx4=,69GknY5/ru7ZLiFXngWemb7y/gM=
-14,-8,TLG0q6bkeCDtDZzB/+L16J2zBx4=,69GknY5/ru7ZLiFXngWemb7y/gM=
-3,-9,TLG0q6bkeCDtDZzB/+L16J2zBx4=,69GknY5/ru7ZLiFXngWemb7y/gM=
-6,-9,TLG0q6bkeCDtDZzB/+L16J2zBx4=,69GknY5/ru7ZLiFXngWemb7y/gM=
-16,-8,TLG0q6bkeCDtDZzB/+L16J2zBx4=,69GknY5/ru7ZLiFXngWemb7y/gM=
-9,-9,TLG0q6bkeCDtDZzB/+L16J2zBx4=,69GknY5/ru7ZLiFXngWemb7y/gM=
-7,-9,TLG0q6bkeCDtDZzB/+L16J2zBx4=,69GknY5/ru7ZLiFXngWemb7y/gM=
-15,-8,TLG0q6bkeCDtDZzB/+L16J2zBx4=,69GknY5/ru7ZLiFXngWemb7y/gM=
-10,-9,TLG0q6bkeCDtDZzB/+L16J2zBx4=,69GknY5/ru7ZLiFXngWemb7y/gM=
-5,-9,TLG0q6bkeCDtDZzB/+L16J2zBx4=,69GknY5/ru7ZLiFXngWemb7y/gM=
-8,-9,TLG0q6bkeCDtDZzB/+L16J2zBx4=,69GknY5/ru7ZLiFXngWemb7y/gM=
-14,-9,TLG0q6bkeCDtDZzB/+L16J2zBx4=,69GknY5/ru7ZLiFXngWemb7y/gM=
-11,-9,TLG0q6bkeCDtDZzB/+L16J2zBx4=,69GknY5/ru7ZLiFXngWemb7y/gM=
-1,-10,TLG0q6bkeCDtDZzB/+L16J2zBx4=,69GknY5/ru7ZLiFXngWemb7y/gM=
-4,-9,TLG0q6bkeCDtDZzB/+L16J2zBx4=,69GknY5/ru7ZLiFXngWemb7y/gM=
-2,-10,TLG0q6bkeCDtDZzB/+L16J2zBx4=,69GknY5/ru7ZLiFXngWemb7y/gM=
-13,-9,TLG0q6bkeCDtDZzB/+L16J2zBx4=,69GknY5/ru7ZLiFXngWemb7y/gM=
-5,-10,TLG0q6bkeCDtDZzB/+L16J2zBx4=,69GknY5/ru7ZLiFXngWemb7y/gM=
-6,-10,TLG0q6bkeCDtDZzB/+L16J2zBx4=,69GknY5/ru7ZLiFXngWemb7y/gM=
-7,-10,TLG0q6bkeCDtDZzB/+L16J2zBx4=,69GknY5/ru7ZLiFXngWemb7y/gM=
-15,-9,TLG0q6bkeCDtDZzB/+L16J2zBx4=,69GknY5/ru7ZLiFXngWemb7y/gM=
-4,-10,TLG0q6bkeCDtDZzB/+L16J2zBx4=,69GknY5/ru7ZLiFXngWemb7y/gM=
-8,-10,TLG0q6bkeCDtDZzB/+L16J2zBx4=,69GknY5/ru7ZLiFXngWemb7y/gM=
-16,-9,TLG0q6bkeCDtDZzB/+L16J2zBx4=,69GknY5/ru7ZLiFXngWemb7y/gM=
-3,-10,TLG0q6bkeCDtDZzB/+L16J2zBx4=,69GknY5/ru7ZLiFXngWemb7y/gM=
-11,-10,TLG0q6bkeCDtDZzB/+L16J2zBx4=,69GknY5/ru7ZLiFXngWemb7y/gM=
-12,-9,TLG0q6bkeCDtDZzB/+L16J2zBx4=,69GknY5/ru7ZLiFXngWemb7y/gM=
-10,-10,TLG0q6bkeCDtDZzB/+L16J2zBx4=,69GknY5/ru7ZLiFXngWemb7y/gM=
-9,-10,TLG0q6bkeCDtDZzB/+L16J2zBx4=,69GknY5/ru7ZLiFXngWemb7y/gM=
-12,-10,TLG0q6bkeCDtDZzB/+L16J2zBx4=,69GknY5/ru7ZLiFXngWemb7y/gM=
-16,-10,TLG0q6bkeCDtDZzB/+L16J2zBx4=,69GknY5/ru7ZLiFXngWemb7y/gM=
-1,-11,TLG0q6bkeCDtDZzB/+L16J2zBx4=,69GknY5/ru7ZLiFXngWemb7y/gM=
-15,-10,TLG0q6bkeCDtDZzB/+L16J2zBx4=,69GknY5/ru7ZLiFXngWemb7y/gM=
-13,-10,TLG0q6bkeCDtDZzB/+L16J2zBx4=,69GknY5/ru7ZLiFXngWemb7y/gM=
-14,-10,TLG0q6bkeCDtDZzB/+L16J2zBx4=,69GknY5/ru7ZLiFXngWemb7y/gM=
-4,-11,TLG0q6bkeCDtDZzB/+L16J2zBx4=,69GknY5/ru7ZLiFXngWemb7y/gM=
-5,-11,TLG0q6bkeCDtDZzB/+L16J2zBx4=,69GknY5/ru7ZLiFXngWemb7y/gM=
-2,-11,TLG0q6bkeCDtDZzB/+L16J2zBx4=,69GknY5/ru7ZLiFXngWemb7y/gM=
-6,-11,TLG0q6bkeCDtDZzB/+L16J2zBx4=,69GknY5/ru7ZLiFXngWemb7y/gM=
-7,-11,TLG0q6bkeCDtDZzB/+L16J2zBx4=,69GknY5/ru7ZLiFXngWemb7y/gM=
-8,-11,TLG0q6bkeCDtDZzB/+L16J2zBx4=,69GknY5/ru7ZLiFXngWemb7y/gM=
-3,-11,TLG0q6bkeCDtDZzB/+L16J2zBx4=,69GknY5/ru7ZLiFXngWemb7y/gM=
-11,-11,TLG0q6bkeCDtDZzB/+L16J2zBx4=,69GknY5/ru7ZLiFXngWemb7y/gM=
-10,-11,TLG0q6bkeCDtDZzB/+L16J2zBx4=,69GknY5/ru7ZLiFXngWemb7y/gM=
-9,-11,TLG0q6bkeCDtDZzB/+L16J2zBx4=,69GknY5/ru7ZLiFXngWemb7y/gM=
-12,-11,TLG0q6bkeCDtDZzB/+L16J2zBx4=,69GknY5/ru7ZLiFXngWemb7y/gM=
-13,-11,TLG0q6bkeCDtDZzB/+L16J2zBx4=,69GknY5/ru7ZLiFXngWemb7y/gM=
-14,-11,TLG0q6bkeCDtDZzB/+L16J2zBx4=,69GknY5/ru7ZLiFXngWemb7y/gM=
-5,-12,TLG0q6bkeCDtDZzB/+L16J2zBx4=,69GknY5/ru7ZLiFXngWemb7y/gM=
-1,-12,TLG0q6bkeCDtDZzB/+L16J2zBx4=,69GknY5/ru7ZLiFXngWemb7y/gM=
-15,-11,TLG0q6bkeCDtDZzB/+L16J2zBx4=,69GknY5/ru7ZLiFXngWemb7y/gM=
-16,-11,TLG0q6bkeCDtDZzB/+L16J2zBx4=,69GknY5/ru7ZLiFXngWemb7y/gM=
-4,-12,TLG0q6bkeCDtDZzB/+L16J2zBx4=,69GknY5/ru7ZLiFXngWemb7y/gM=
-6,-12,TLG0q6bkeCDtDZzB/+L16J2zBx4=,69GknY5/ru7ZLiFXngWemb7y/gM=
-7,-12,TLG0q6bkeCDtDZzB/+L16J2zBx4=,69GknY5/ru7ZLiFXngWemb7y/gM=
-3,-12,TLG0q6bkeCDtDZzB/+L16J2zBx4=,69GknY5/ru7ZLiFXngWemb7y/gM=
-2,-12,TLG0q6bkeCDtDZzB/+L16J2zBx4=,69GknY5/ru7ZLiFXngWemb7y/gM=
-9,-12,TLG0q6bkeCDtDZzB/+L16J2zBx4=,69GknY5/ru7ZLiFXngWemb7y/gM=
-10,-12,TLG0q6bkeCDtDZzB/+L16J2zBx4=,69GknY5/ru7ZLiFXngWemb7y/gM=
-8,-12,TLG0q6bkeCDtDZzB/+L16J2zBx4=,69GknY5/ru7ZLiFXngWemb7y/gM=
-14,-12,TLG0q6bkeCDtDZzB/+L16J2zBx4=,69GknY5/ru7ZLiFXngWemb7y/gM=
-11,-12,TLG0q6bkeCDtDZzB/+L16J2zBx4=,69GknY5/ru7ZLiFXngWemb7y/gM=
-16,-12,TLG0q6bkeCDtDZzB/+L16J2zBx4=,69GknY5/ru7ZLiFXngWemb7y/gM=
-15,-12,TLG0q6bkeCDtDZzB/+L16J2zBx4=,69GknY5/ru7ZLiFXngWemb7y/gM=
-1,-13,TLG0q6bkeCDtDZzB/+L16J2zBx4=,69GknY5/ru7ZLiFXngWemb7y/gM=
-8,-13,TLG0q6bkeCDtDZzB/+L16J2zBx4=,69GknY5/ru7ZLiFXngWemb7y/gM=
-2,-13,TLG0q6bkeCDtDZzB/+L16J2zBx4=,69GknY5/ru7ZLiFXngWemb7y/gM=
-5,-13,TLG0q6bkeCDtDZzB/+L16J2zBx4=,69GknY5/ru7ZLiFXngWemb7y/gM=
-4,-13,TLG0q6bkeCDtDZzB/+L16J2zBx4=,69GknY5/ru7ZLiFXngWemb7y/gM=
-13,-12,TLG0q6bkeCDtDZzB/+L16J2zBx4=,69GknY5/ru7ZLiFXngWemb7y/gM=
-9,-13,TLG0q6bkeCDtDZzB/+L16J2zBx4=,69GknY5/ru7ZLiFXngWemb7y/gM=
-10,-13,TLG0q6bkeCDtDZzB/+L16J2zBx4=,69GknY5/ru7ZLiFXngWemb7y/gM=
-7,-13,TLG0q6bkeCDtDZzB/+L16J2zBx4=,69GknY5/ru7ZLiFXngWemb7y/gM=
-6,-13,TLG0q6bkeCDtDZzB/+L16J2zBx4=,69GknY5/ru7ZLiFXngWemb7y/gM=
-3,-13,TLG0q6bkeCDtDZzB/+L16J2zBx4=,69GknY5/ru7ZLiFXngWemb7y/gM=
-14,-13,TLG0q6bkeCDtDZzB/+L16J2zBx4=,69GknY5/ru7ZLiFXngWemb7y/gM=
-12,-12,TLG0q6bkeCDtDZzB/+L16J2zBx4=,69GknY5/ru7ZLiFXngWemb7y/gM=
-15,-13,TLG0q6bkeCDtDZzB/+L16J2zBx4=,69GknY5/ru7ZLiFXngWemb7y/gM=
-16,-13,TLG0q6bkeCDtDZzB/+L16J2zBx4=,69GknY5/ru7ZLiFXngWemb7y/gM=
-4,-14,TLG0q6bkeCDtDZzB/+L16J2zBx4=,69GknY5/ru7ZLiFXngWemb7y/gM=
-3,-14,TLG0q6bkeCDtDZzB/+L16J2zBx4=,69GknY5/ru7ZLiFXngWemb7y/gM=
-5,-14,TLG0q6bkeCDtDZzB/+L16J2zBx4=,69GknY5/ru7ZLiFXngWemb7y/gM=
-12,-13,TLG0q6bkeCDtDZzB/+L16J2zBx4=,69GknY5/ru7ZLiFXngWemb7y/gM=
-1,-14,TLG0q6bkeCDtDZzB/+L16J2zBx4=,69GknY5/ru7ZLiFXngWemb7y/gM=
-2,-14,TLG0q6bkeCDtDZzB/+L16J2zBx4=,69GknY5/ru7ZLiFXngWemb7y/gM=
-11,-13,TLG0q6bkeCDtDZzB/+L16J2zBx4=,69GknY5/ru7ZLiFXngWemb7y/gM=
-9,-14,TLG0q6bkeCDtDZzB/+L16J2zBx4=,69GknY5/ru7ZLiFXngWemb7y/gM=
-6,-14,TLG0q6bkeCDtDZzB/+L16J2zBx4=,69GknY5/ru7ZLiFXngWemb7y/gM=
-10,-14,TLG0q6bkeCDtDZzB/+L16J2zBx4=,69GknY5/ru7ZLiFXngWemb7y/gM=
-8,-14,TLG0q6bkeCDtDZzB/+L16J2zBx4=,69GknY5/ru7ZLiFXngWemb7y/gM=
-13,-13,TLG0q6bkeCDtDZzB/+L16J2zBx4=,69GknY5/ru7ZLiFXngWemb7y/gM=
-7,-14,TLG0q6bkeCDtDZzB/+L16J2zBx4=,69GknY5/ru7ZLiFXngWemb7y/gM=
-14,-14,TLG0q6bkeCDtDZzB/+L16J2zBx4=,69GknY5/ru7ZLiFXngWemb7y/gM=
-15,-14,TLG0q6bkeCDtDZzB/+L16J2zBx4=,69GknY5/ru7ZLiFXngWemb7y/gM=
-16,-14,TLG0q6bkeCDtDZzB/+L16J2zBx4=,69GknY5/ru7ZLiFXngWemb7y/gM=
-3,-15,TLG0q6bkeCDtDZzB/+L16J2zBx4=,69GknY5/ru7ZLiFXngWemb7y/gM=
-11,-14,TLG0q6bkeCDtDZzB/+L16J2zBx4=,69GknY5/ru7ZLiFXngWemb7y/gM=
-12,-14,TLG0q6bkeCDtDZzB/+L16J2zBx4=,69GknY5/ru7ZLiFXngWemb7y/gM=
-13,-14,TLG0q6bkeCDtDZzB/+L16J2zBx4=,69GknY5/ru7ZLiFXngWemb7y/gM=
-2,-15,TLG0q6bkeCDtDZzB/+L16J2zBx4=,69GknY5/ru7ZLiFXngWemb7y/gM=
-9,-15,TLG0q6bkeCDtDZzB/+L16J2zBx4=,69GknY5/ru7ZLiFXngWemb7y/gM=
-4,-15,TLG0q6bkeCDtDZzB/+L16J2zBx4=,69GknY5/ru7ZLiFXngWemb7y/gM=
-8,-15,TLG0q6bkeCDtDZzB/+L16J2zBx4=,69GknY5/ru7ZLiFXngWemb7y/gM=
-1,-15,TLG0q6bkeCDtDZzB/+L16J2zBx4=,69GknY5/ru7ZLiFXngWemb7y/gM=
-5,-15,TLG0q6bkeCDtDZzB/+L16J2zBx4=,69GknY5/ru7ZLiFXngWemb7y/gM=
-14,-15,TLG0q6bkeCDtDZzB/+L16J2zBx4=,69GknY5/ru7ZLiFXngWemb7y/gM=
-10,-15,TLG0q6bkeCDtDZzB/+L16J2zBx4=,69GknY5/ru7ZLiFXngWemb7y/gM=
-15,-15,TLG0q6bkeCDtDZzB/+L16J2zBx4=,69GknY5/ru7ZLiFXngWemb7y/gM=
-6,-6,TLG0q6bkeCDtDZzB/+L16J2zBx4=,69GknY5/ru7ZLiFXngWemb7y/gM=
-6,-15,TLG0q6bkeCDtDZzB/+L16J2zBx4=,69GknY5/ru7ZLiFXngWemb7y/gM=
-7,-15,TLG0q6bkeCDtDZzB/+L16J2zBx4=,69GknY5/ru7ZLiFXngWemb7y/gM=
-11,-15,TLG0q6bkeCDtDZzB/+L16J2zBx4=,69GknY5/ru7ZLiFXngWemb7y/gM=
-13,-15,TLG0q6bkeCDtDZzB/+L16J2zBx4=,69GknY5/ru7ZLiFXngWemb7y/gM=
-7,-8,TLG0q6bkeCDtDZzB/+L16J2zBx4=,69GknY5/ru7ZLiFXngWemb7y/gM=
-12,-15,TLG0q6bkeCDtDZzB/+L16J2zBx4=,69GknY5/ru7ZLiFXngWemb7y/gM=
