64,0,jE37MbQIb0YdVZ3s9TfiIegflOY=,1tT1EAJ1Bod9xi1C93MqHFpwHog=
78,1,jE37MbQIb0YdVZ3s9TfiIegflOY=,1tT1EAJ1Bod9xi1C93MqHFpwHog=
79,0,jE37MbQIb0YdVZ3s9TfiIegflOY=,1tT1EAJ1Bod9xi1C93MqHFpwHog=
78,15,jE37MbQIb0YdVZ3s9TfiIegflOY=,1tT1EAJ1Bod9xi1C93MqHFpwHog=
79,15,jE37MbQIb0YdVZ3s9TfiIegflOY=,1tT1EAJ1Bod9xi1C93MqHFpwHog=
76,15,jE37MbQIb0YdVZ3s9TfiIegflOY=,1tT1EAJ1Bod9xi1C93MqHFpwHog=
77,15,jE37MbQIb0YdVZ3s9TfiIegflOY=,1tT1EAJ1Bod9xi1C93MqHFpwHog=
79,1,jE37MbQIb0YdVZ3s9TfiIegflOY=,1tT1EAJ1Bod9xi1C93MqHFpwHog=
64,2,jE37MbQIb0YdVZ3s9TfiIegflOY=,1tT1EAJ1Bod9xi1C93MqHFpwHog=
65,2,jE37MbQIb0YdVZ3s9TfiIegflOY=,1tT1EAJ1Bod9xi1C93MqHFpwHog=
74,15,jE37MbQIb0YdVZ3s9TfiIegflOY=,1tT1EAJ1Bod9xi1C93MqHFpwHog=
66,2,jE37MbQIb0YdVZ3s9TfiIegflOY=,1tT1EAJ1Bod9xi1C93MqHFpwHog=
73,15,jE37MbQIb0YdVZ3s9TfiIegflOY=,1tT1EAJ1Bod9xi1C93MqHFpwHog=
72,15,jE37MbQIb0YdVZ3s9TfiIegflOY=,1tT1EAJ1Bod9xi1C93MqHFpwHog=
67,2,jE37MbQIb0YdVZ3s9TfiIegflOY=,1tT1EAJ1Bod9xi1C93MqHFpwHog=
71,15,jE37MbQIb0YdVZ3s9TfiIegflOY=,1tT1EAJ1Bod9xi1C93MqHFpwHog=
68,2,jE37MbQIb0YdVZ3s9TfiIegflOY=,1tT1EAJ1Bod9xi1C93MqHFpwHog=
70,15,jE37MbQIb0YdVZ3s9TfiIegflOY=,1tT1EAJ1Bod9xi1C93MqHFpwHog=
68,15,jE37MbQIb0YdVZ3s9TfiIegflOY=,1tT1EAJ1Bod9xi1C93MqHFpwHog=
69,15,jE37MbQIb0YdVZ3s9TfiIegflOY=,1tT1EAJ1Bod9xi1C93MqHFpwHog=
67,15,jE37MbQIb0YdVZ3s9TfiIegflOY=,1tT1EAJ1Bod9xi1C93MqHFpwHog=
78,0,jE37MbQIb0YdVZ3s9TfiIegflOY=,1tT1EAJ1Bod9xi1C93MqHFpwHog=
65,15,jE37MbQIb0YdVZ3s9TfiIegflOY=,1tT1EAJ1Bod9xi1C93MqHFpwHog=
77,0,jE37MbQIb0YdVZ3s9TfiIegflOY=,1tT1EAJ1Bod9xi1C93MqHFpwHog=
66,15,jE37MbQIb0YdVZ3s9TfiIegflOY=,1tT1EAJ1Bod9xi1C93MqHFpwHog=
76,0,jE37MbQIb0YdVZ3s9TfiIegflOY=,1tT1EAJ1Bod9xi1C93MqHFpwHog=
75,0,jE37MbQIb0YdVZ3s9TfiIegflOY=,1tT1EAJ1Bod9xi1C93MqHFpwHog=
74,0,jE37MbQIb0YdVZ3s9TfiIegflOY=,1tT1EAJ1Bod9xi1C93MqHFpwHog=
73,0,jE37MbQIb0YdVZ3s9TfiIegflOY=,1tT1EAJ1Bod9xi1C93MqHFpwHog=
72,0,jE37MbQIb0YdVZ3s9TfiIegflOY=,1tT1EAJ1Bod9xi1C93MqHFpwHog=
71,0,jE37MbQIb0YdVZ3s9TfiIegflOY=,1tT1EAJ1Bod9xi1C93MqHFpwHog=
70,0,jE37MbQIb0YdVZ3s9TfiIegflOY=,1tT1EAJ1Bod9xi1C93MqHFpwHog=
75,15,jE37MbQIb0YdVZ3s9TfiIegflOY=,1tT1EAJ1Bod9xi1C93MqHFpwHog=
69,0,jE37MbQIb0YdVZ3s9TfiIegflOY=,1tT1EAJ1Bod9xi1C93MqHFpwHog=
67,0,jE37MbQIb0YdVZ3s9TfiIegflOY=,1tT1EAJ1Bod9xi1C93MqHFpwHog=
66,0,jE37MbQIb0YdVZ3s9TfiIegflOY=,1tT1EAJ1Bod9xi1C93MqHFpwHog=
65,0,jE37MbQIb0YdVZ3s9TfiIegflOY=,1tT1EAJ1Bod9xi1C93MqHFpwHog=
77,1,jE37MbQIb0YdVZ3s9TfiIegflOY=,1tT1EAJ1Bod9xi1C93MqHFpwHog=
64,15,jE37MbQIb0YdVZ3s9TfiIegflOY=,1tT1EAJ1Bod9xi1C93MqHFpwHog=
69,2,jE37MbQIb0YdVZ3s9TfiIegflOY=,1tT1EAJ1Bod9xi1C93MqHFpwHog=
68,0,jE37MbQIb0YdVZ3s9TfiIegflOY=,1tT1EAJ1Bod9xi1C93MqHFpwHog=
70,2,jE37MbQIb0YdVZ3s9TfiIegflOY=,1tT1EAJ1Bod9xi1C93MqHFpwHog=
71,2,jE37MbQIb0YdVZ3s9TfiIegflOY=,1tT1EAJ1Bod9xi1C93MqHFpwHog=
79,14,jE37MbQIb0YdVZ3s9TfiIegflOY=,1tT1EAJ1Bod9xi1C93MqHFpwHog=
72,2,jE37MbQIb0YdVZ3s9TfiIegflOY=,1tT1EAJ1Bod9xi1C93MqHFpwHog=
78,14,jE37MbQIb0YdVZ3s9TfiIegflOY=,1tT1EAJ1Bod9xi1C93MqHFpwHog=
75,14,jE37MbQIb0YdVZ3s9TfiIegflOY=,1tT1EAJ1Bod9xi1C93MqHFpwHog=
77,14,jE37MbQIb0YdVZ3s9TfiIegflOY=,1tT1EAJ1Bod9xi1C93MqHFpwHog=
73,2,jE37MbQIb0YdVZ3s9TfiIegflOY=,1tT1EAJ1Bod9xi1C93MqHFpwHog=
76,14,jE37MbQIb0YdVZ3s9TfiIegflOY=,1tT1EAJ1Bod9xi1C93MqHFpwHog=
74,14,jE37MbQIb0YdVZ3s9TfiIegflOY=,1tT1EAJ1Bod9xi1C93MqHFpwHog=
72,14,jE37MbQIb0YdVZ3s9TfiIegflOY=,1tT1EAJ1Bod9xi1C93MqHFpwHog=
73,14,jE37MbQIb0YdVZ3s9TfiIegflOY=,1tT1EAJ1Bod9xi1C93MqHFpwHog=
74,2,jE37MbQIb0YdVZ3s9TfiIegflOY=,1tT1EAJ1Bod9xi1C93MqHFpwHog=
71,14,jE37MbQIb0YdVZ3s9TfiIegflOY=,1tT1EAJ1Bod9xi1C93MqHFpwHog=
69,14,jE37MbQIb0YdVZ3s9TfiIegflOY=,1tT1EAJ1Bod9xi1C93MqHFpwHog=
75,2,jE37MbQIb0YdVZ3s9TfiIegflOY=,1tT1EAJ1Bod9xi1C93MqHFpwHog=
68,14,jE37MbQIb0YdVZ3s9TfiIegflOY=,1tT1EAJ1Bod9xi1C93MqHFpwHog=
67,14,jE37MbQIb0YdVZ3s9TfiIegflOY=,1tT1EAJ1Bod9xi1C93MqHFpwHog=
66,14,jE37MbQIb0YdVZ3s9TfiIegflOY=,1tT1EAJ1Bod9xi1C93MqHFpwHog=
76,1,jE37MbQIb0YdVZ3s9TfiIegflOY=,1tT1EAJ1Bod9xi1C93MqHFpwHog=
76,2,jE37MbQIb0YdVZ3s9TfiIegflOY=,1tT1EAJ1Bod9xi1C93MqHFpwHog=
65,14,jE37MbQIb0YdVZ3s9TfiIegflOY=,1tT1EAJ1Bod9xi1C93MqHFpwHog=
64,1,jE37MbQIb0YdVZ3s9TfiIegflOY=,1tT1EAJ1Bod9xi1C93MqHFpwHog=
77,2,jE37MbQIb0YdVZ3s9TfiIegflOY=,1tT1EAJ1Bod9xi1C93MqHFpwHog=
64,14,jE37MbQIb0YdVZ3s9TfiIegflOY=,1tT1EAJ1Bod9xi1C93MqHFpwHog=
78,2,jE37MbQIb0YdVZ3s9TfiIegflOY=,1tT1EAJ1Bod9xi1C93MqHFpwHog=
79,13,jE37MbQIb0YdVZ3s9TfiIegflOY=,1tT1EAJ1Bod9xi1C93MqHFpwHog=
79,2,jE37MbQIb0YdVZ3s9TfiIegflOY=,1tT1EAJ1Bod9xi1C93MqHFpwHog=
64,3,jE37MbQIb0YdVZ3s9TfiIegflOY=,1tT1EAJ1Bod9xi1C93MqHFpwHog=
65,3,jE37MbQIb0YdVZ3s9TfiIegflOY=,1tT1EAJ1Bod9xi1C93MqHFpwHog=
78,13,jE37MbQIb0YdVZ3s9TfiIegflOY=,1tT1EAJ1Bod9xi1C93MqHFpwHog=
66,3,jE37MbQIb0YdVZ3s9TfiIegflOY=,1tT1EAJ1Bod9xi1C93MqHFpwHog=
77,13,jE37MbQIb0YdVZ3s9TfiIegflOY=,1tT1EAJ1Bod9xi1C93MqHFpwHog=
76,13,jE37MbQIb0YdVZ3s9TfiIegflOY=,1tT1EAJ1Bod9xi1C93MqHFpwHog=
67,3,jE37MbQIb0YdVZ3s9TfiIegflOY=,1tT1EAJ1Bod9xi1C93MqHFpwHog=
70,14,jE37MbQIb0YdVZ3s9TfiIegflOY=,1tT1EAJ1Bod9xi1C93MqHFpwHog=
68,3,jE37MbQIb0YdVZ3s9TfiIegflOY=,1tT1EAJ1Bod9xi1C93MqHFpwHog=
75,13,jE37MbQIb0YdVZ3s9TfiIegflOY=,1tT1EAJ1Bod9xi1C93MqHFpwHog=
74,13,jE37MbQIb0YdVZ3s9TfiIegflOY=,1tT1EAJ1Bod9xi1C93MqHFpwHog=
69,3,jE37MbQIb0YdVZ3s9TfiIegflOY=,1tT1EAJ1Bod9xi1C93MqHFpwHog=
70,3,jE37MbQIb0YdVZ3s9TfiIegflOY=,1tT1EAJ1Bod9xi1C93MqHFpwHog=
73,13,jE37MbQIb0YdVZ3s9TfiIegflOY=,1tT1EAJ1Bod9xi1C93MqHFpwHog=
71,3,jE37MbQIb0YdVZ3s9TfiIegflOY=,1tT1EAJ1Bod9xi1C93MqHFpwHog=
71,13,jE37MbQIb0YdVZ3s9TfiIegflOY=,1tT1EAJ1Bod9xi1C93MqHFpwHog=
72,13,jE37MbQIb0YdVZ3s9TfiIegflOY=,1tT1EAJ1Bod9xi1C93MqHFpwHog=
72,3,jE37MbQIb0YdVZ3s9TfiIegflOY=,1tT1EAJ1Bod9xi1C93MqHFpwHog=
70,13,jE37MbQIb0YdVZ3s9TfiIegflOY=,1tT1EAJ1Bod9xi1C93MqHFpwHog=
73,3,jE37MbQIb0YdVZ3s9TfiIegflOY=,1tT1EAJ1Bod9xi1C93MqHFpwHog=
69,13,jE37MbQIb0YdVZ3s9TfiIegflOY=,1tT1EAJ1Bod9xi1C93MqHFpwHog=
68,13,jE37MbQIb0YdVZ3s9TfiIegflOY=,1tT1EAJ1Bod9xi1C93MqHFpwHog=
74,3,jE37MbQIb0YdVZ3s9TfiIegflOY=,1tT1EAJ1Bod9xi1C93MqHFpwHog=
75,1,jE37MbQIb0YdVZ3s9TfiIegflOY=,1tT1EAJ1Bod9xi1C93MqHFpwHog=
75,3,jE37MbQIb0YdVZ3s9TfiIegflOY=,1tT1EAJ1Bod9xi1C93MqHFpwHog=
66,13,jE37MbQIb0YdVZ3s9TfiIegflOY=,1tT1EAJ1Bod9xi1C93MqHFpwHog=
67,13,jE37MbQIb0YdVZ3s9TfiIegflOY=,1tT1EAJ1Bod9xi1C93MqHFpwHog=
65,13,jE37MbQIb0YdVZ3s9TfiIegflOY=,1tT1EAJ1Bod9xi1C93MqHFpwHog=
76,3,jE37MbQIb0YdVZ3s9TfiIegflOY=,1tT1EAJ1Bod9xi1C93MqHFpwHog=
65,1,jE37MbQIb0YdVZ3s9TfiIegflOY=,1tT1EAJ1Bod9xi1C93MqHFpwHog=
79,12,jE37MbQIb0YdVZ3s9TfiIegflOY=,1tT1EAJ1Bod9xi1C93MqHFpwHog=
64,13,jE37MbQIb0YdVZ3s9TfiIegflOY=,1tT1EAJ1Bod9xi1C93MqHFpwHog=
78,12,jE37MbQIb0YdVZ3s9TfiIegflOY=,1tT1EAJ1Bod9xi1C93MqHFpwHog=
77,12,jE37MbQIb0YdVZ3s9TfiIegflOY=,1tT1EAJ1Bod9xi1C93MqHFpwHog=
76,12,jE37MbQIb0YdVZ3s9TfiIegflOY=,1tT1EAJ1Bod9xi1C93MqHFpwHog=
78,3,jE37MbQIb0YdVZ3s9TfiIegflOY=,1tT1EAJ1Bod9xi1C93MqHFpwHog=
77,3,jE37MbQIb0YdVZ3s9TfiIegflOY=,1tT1EAJ1Bod9xi1C93MqHFpwHog=
79,3,jE37MbQIb0YdVZ3s9TfiIegflOY=,1tT1EAJ1Bod9xi1C93MqHFpwHog=
75,12,jE37MbQIb0YdVZ3s9TfiIegflOY=,1tT1EAJ1Bod9xi1C93MqHFpwHog=
64,4,jE37MbQIb0YdVZ3s9TfiIegflOY=,1tT1EAJ1Bod9xi1C93MqHFpwHog=
74,12,jE37MbQIb0YdVZ3s9TfiIegflOY=,1tT1EAJ1Bod9xi1C93MqHFpwHog=
65,4,jE37MbQIb0YdVZ3s9TfiIegflOY=,1tT1EAJ1Bod9xi1C93MqHFpwHog=
72,12,jE37MbQIb0YdVZ3s9TfiIegflOY=,1tT1EAJ1Bod9xi1C93MqHFpwHog=
66,4,jE37MbQIb0YdVZ3s9TfiIegflOY=,1tT1EAJ1Bod9xi1C93MqHFpwHog=
71,12,jE37MbQIb0YdVZ3s9TfiIegflOY=,1tT1EAJ1Bod9xi1C93MqHFpwHog=
67,4,jE37MbQIb0YdVZ3s9TfiIegflOY=,1tT1EAJ1Bod9xi1C93MqHFpwHog=
70,12,jE37MbQIb0YdVZ3s9TfiIegflOY=,1tT1EAJ1Bod9xi1C93MqHFpwHog=
69,12,jE37MbQIb0YdVZ3s9TfiIegflOY=,1tT1EAJ1Bod9xi1C93MqHFpwHog=
68,4,jE37MbQIb0YdVZ3s9TfiIegflOY=,1tT1EAJ1Bod9xi1C93MqHFpwHog=
69,4,jE37MbQIb0YdVZ3s9TfiIegflOY=,1tT1EAJ1Bod9xi1C93MqHFpwHog=
71,4,jE37MbQIb0YdVZ3s9TfiIegflOY=,1tT1EAJ1Bod9xi1C93MqHFpwHog=
70,4,jE37MbQIb0YdVZ3s9TfiIegflOY=,1tT1EAJ1Bod9xi1C93MqHFpwHog=
68,12,jE37MbQIb0YdVZ3s9TfiIegflOY=,1tT1EAJ1Bod9xi1C93MqHFpwHog=
74,1,jE37MbQIb0YdVZ3s9TfiIegflOY=,1tT1EAJ1Bod9xi1C93MqHFpwHog=
67,12,jE37MbQIb0YdVZ3s9TfiIegflOY=,1tT1EAJ1Bod9xi1C93MqHFpwHog=
66,12,jE37MbQIb0YdVZ3s9TfiIegflOY=,1tT1EAJ1Bod9xi1C93MqHFpwHog=
65,12,jE37MbQIb0YdVZ3s9TfiIegflOY=,1tT1EAJ1Bod9xi1C93MqHFpwHog=
64,12,jE37MbQIb0YdVZ3s9TfiIegflOY=,1tT1EAJ1Bod9xi1C93MqHFpwHog=
79,11,jE37MbQIb0YdVZ3s9TfiIegflOY=,1tT1EAJ1Bod9xi1C93MqHFpwHog=
78,11,jE37MbQIb0YdVZ3s9TfiIegflOY=,1tT1EAJ1Bod9xi1C93MqHFpwHog=
73,12,jE37MbQIb0YdVZ3s9TfiIegflOY=,1tT1EAJ1Bod9xi1C93MqHFpwHog=
77,11,jE37MbQIb0YdVZ3s9TfiIegflOY=,1tT1EAJ1Bod9xi1C93MqHFpwHog=
75,11,jE37MbQIb0YdVZ3s9TfiIegflOY=,1tT1EAJ1Bod9xi1C93MqHFpwHog=
76,11,jE37MbQIb0YdVZ3s9TfiIegflOY=,1tT1EAJ1Bod9xi1C93MqHFpwHog=
74,11,jE37MbQIb0YdVZ3s9TfiIegflOY=,1tT1EAJ1Bod9xi1C93MqHFpwHog=
72,11,jE37MbQIb0YdVZ3s9TfiIegflOY=,1tT1EAJ1Bod9xi1C93MqHFpwHog=
73,11,jE37MbQIb0YdVZ3s9TfiIegflOY=,1tT1EAJ1Bod9xi1C93MqHFpwHog=
70,11,jE37MbQIb0YdVZ3s9TfiIegflOY=,1tT1EAJ1Bod9xi1C93MqHFpwHog=
71,11,jE37MbQIb0YdVZ3s9TfiIegflOY=,1tT1EAJ1Bod9xi1C93MqHFpwHog=
73,1,jE37MbQIb0YdVZ3s9TfiIegflOY=,1tT1EAJ1Bod9xi1C93MqHFpwHog=
69,11,jE37MbQIb0YdVZ3s9TfiIegflOY=,1tT1EAJ1Bod9xi1C93MqHFpwHog=
67,11,jE37MbQIb0YdVZ3s9TfiIegflOY=,1tT1EAJ1Bod9xi1C93MqHFpwHog=
66,11,jE37MbQIb0YdVZ3s9TfiIegflOY=,1tT1EAJ1Bod9xi1C93MqHFpwHog=
68,11,jE37MbQIb0YdVZ3s9TfiIegflOY=,1tT1EAJ1Bod9xi1C93MqHFpwHog=
64,11,jE37MbQIb0YdVZ3s9TfiIegflOY=,1tT1EAJ1Bod9xi1C93MqHFpwHog=
65,11,jE37MbQIb0YdVZ3s9TfiIegflOY=,1tT1EAJ1Bod9xi1C93MqHFpwHog=
79,10,jE37MbQIb0YdVZ3s9TfiIegflOY=,1tT1EAJ1Bod9xi1C93MqHFpwHog=
72,4,jE37MbQIb0YdVZ3s9TfiIegflOY=,1tT1EAJ1Bod9xi1C93MqHFpwHog=
73,4,jE37MbQIb0YdVZ3s9TfiIegflOY=,1tT1EAJ1Bod9xi1C93MqHFpwHog=
75,4,jE37MbQIb0YdVZ3s9TfiIegflOY=,1tT1EAJ1Bod9xi1C93MqHFpwHog=
74,4,jE37MbQIb0YdVZ3s9TfiIegflOY=,1tT1EAJ1Bod9xi1C93MqHFpwHog=
66,1,jE37MbQIb0YdVZ3s9TfiIegflOY=,1tT1EAJ1Bod9xi1C93MqHFpwHog=
77,10,jE37MbQIb0YdVZ3s9TfiIegflOY=,1tT1EAJ1Bod9xi1C93MqHFpwHog=
76,4,jE37MbQIb0YdVZ3s9TfiIegflOY=,1tT1EAJ1Bod9xi1C93MqHFpwHog=
77,4,jE37MbQIb0YdVZ3s9TfiIegflOY=,1tT1EAJ1Bod9xi1C93MqHFpwHog=
78,4,jE37MbQIb0YdVZ3s9TfiIegflOY=,1tT1EAJ1Bod9xi1C93MqHFpwHog=
76,10,jE37MbQIb0YdVZ3s9TfiIegflOY=,1tT1EAJ1Bod9xi1C93MqHFpwHog=
79,4,jE37MbQIb0YdVZ3s9TfiIegflOY=,1tT1EAJ1Bod9xi1C93MqHFpwHog=
75,10,jE37MbQIb0YdVZ3s9TfiIegflOY=,1tT1EAJ1Bod9xi1C93MqHFpwHog=
74,10,jE37MbQIb0YdVZ3s9TfiIegflOY=,1tT1EAJ1Bod9xi1C93MqHFpwHog=
64,5,jE37MbQIb0YdVZ3s9TfiIegflOY=,1tT1EAJ1Bod9xi1C93MqHFpwHog=
73,10,jE37MbQIb0YdVZ3s9TfiIegflOY=,1tT1EAJ1Bod9xi1C93MqHFpwHog=
72,10,jE37MbQIb0YdVZ3s9TfiIegflOY=,1tT1EAJ1Bod9xi1C93MqHFpwHog=
65,5,jE37MbQIb0YdVZ3s9TfiIegflOY=,1tT1EAJ1Bod9xi1C93MqHFpwHog=
71,10,jE37MbQIb0YdVZ3s9TfiIegflOY=,1tT1EAJ1Bod9xi1C93MqHFpwHog=
70,10,jE37MbQIb0YdVZ3s9TfiIegflOY=,1tT1EAJ1Bod9xi1C93MqHFpwHog=
66,5,jE37MbQIb0YdVZ3s9TfiIegflOY=,1tT1EAJ1Bod9xi1C93MqHFpwHog=
78,10,jE37MbQIb0YdVZ3s9TfiIegflOY=,1tT1EAJ1Bod9xi1C93MqHFpwHog=
69,10,jE37MbQIb0YdVZ3s9TfiIegflOY=,1tT1EAJ1Bod9xi1C93MqHFpwHog=
72,1,jE37MbQIb0YdVZ3s9TfiIegflOY=,1tT1EAJ1Bod9xi1C93MqHFpwHog=
67,5,jE37MbQIb0YdVZ3s9TfiIegflOY=,1tT1EAJ1Bod9xi1C93MqHFpwHog=
67,10,jE37MbQIb0YdVZ3s9TfiIegflOY=,1tT1EAJ1Bod9xi1C93MqHFpwHog=
68,5,jE37MbQIb0YdVZ3s9TfiIegflOY=,1tT1EAJ1Bod9xi1C93MqHFpwHog=
66,10,jE37MbQIb0YdVZ3s9TfiIegflOY=,1tT1EAJ1Bod9xi1C93MqHFpwHog=
68,10,jE37MbQIb0YdVZ3s9TfiIegflOY=,1tT1EAJ1Bod9xi1C93MqHFpwHog=
69,5,jE37MbQIb0YdVZ3s9TfiIegflOY=,1tT1EAJ1Bod9xi1C93MqHFpwHog=
65,10,jE37MbQIb0YdVZ3s9TfiIegflOY=,1tT1EAJ1Bod9xi1C93MqHFpwHog=
70,5,jE37MbQIb0YdVZ3s9TfiIegflOY=,1tT1EAJ1Bod9xi1C93MqHFpwHog=
71,5,jE37MbQIb0YdVZ3s9TfiIegflOY=,1tT1EAJ1Bod9xi1C93MqHFpwHog=
64,10,jE37MbQIb0YdVZ3s9TfiIegflOY=,1tT1EAJ1Bod9xi1C93MqHFpwHog=
72,5,jE37MbQIb0YdVZ3s9TfiIegflOY=,1tT1EAJ1Bod9xi1C93MqHFpwHog=
79,9,jE37MbQIb0YdVZ3s9TfiIegflOY=,1tT1EAJ1Bod9xi1C93MqHFpwHog=
73,5,jE37MbQIb0YdVZ3s9TfiIegflOY=,1tT1EAJ1Bod9xi1C93MqHFpwHog=
74,5,jE37MbQIb0YdVZ3s9TfiIegflOY=,1tT1EAJ1Bod9xi1C93MqHFpwHog=
77,9,jE37MbQIb0YdVZ3s9TfiIegflOY=,1tT1EAJ1Bod9xi1C93MqHFpwHog=
78,9,jE37MbQIb0YdVZ3s9TfiIegflOY=,1tT1EAJ1Bod9xi1C93MqHFpwHog=
67,1,jE37MbQIb0YdVZ3s9TfiIegflOY=,1tT1EAJ1Bod9xi1C93MqHFpwHog=
76,9,jE37MbQIb0YdVZ3s9TfiIegflOY=,1tT1EAJ1Bod9xi1C93MqHFpwHog=
75,5,jE37MbQIb0YdVZ3s9TfiIegflOY=,1tT1EAJ1Bod9xi1C93MqHFpwHog=
75,9,jE37MbQIb0YdVZ3s9TfiIegflOY=,1tT1EAJ1Bod9xi1C93MqHFpwHog=
74,9,jE37MbQIb0YdVZ3s9TfiIegflOY=,1tT1EAJ1Bod9xi1C93MqHFpwHog=
72,9,jE37MbQIb0YdVZ3s9TfiIegflOY=,1tT1EAJ1Bod9xi1C93MqHFpwHog=
73,9,jE37MbQIb0YdVZ3s9TfiIegflOY=,1tT1EAJ1Bod9xi1C93MqHFpwHog=
76,5,jE37MbQIb0YdVZ3s9TfiIegflOY=,1tT1EAJ1Bod9xi1C93MqHFpwHog=
71,1,jE37MbQIb0YdVZ3s9TfiIegflOY=,1tT1EAJ1Bod9xi1C93MqHFpwHog=
71,9,jE37MbQIb0YdVZ3s9TfiIegflOY=,1tT1EAJ1Bod9xi1C93MqHFpwHog=
69,9,jE37MbQIb0YdVZ3s9TfiIegflOY=,1tT1EAJ1Bod9xi1C93MqHFpwHog=
77,5,jE37MbQIb0YdVZ3s9TfiIegflOY=,1tT1EAJ1Bod9xi1C93MqHFpwHog=
68,9,jE37MbQIb0YdVZ3s9TfiIegflOY=,1tT1EAJ1Bod9xi1C93MqHFpwHog=
70,9,jE37MbQIb0YdVZ3s9TfiIegflOY=,1tT1EAJ1Bod9xi1C93MqHFpwHog=
67,9,jE37MbQIb0YdVZ3s9TfiIegflOY=,1tT1EAJ1Bod9xi1C93MqHFpwHog=
66,9,jE37MbQIb0YdVZ3s9TfiIegflOY=,1tT1EAJ1Bod9xi1C93MqHFpwHog=
78,5,jE37MbQIb0YdVZ3s9TfiIegflOY=,1tT1EAJ1Bod9xi1C93MqHFpwHog=
65,9,jE37MbQIb0YdVZ3s9TfiIegflOY=,1tT1EAJ1Bod9xi1C93MqHFpwHog=
64,9,jE37MbQIb0YdVZ3s9TfiIegflOY=,1tT1EAJ1Bod9xi1C93MqHFpwHog=
79,5,jE37MbQIb0YdVZ3s9TfiIegflOY=,1tT1EAJ1Bod9xi1C93MqHFpwHog=
79,8,jE37MbQIb0YdVZ3s9TfiIegflOY=,1tT1EAJ1Bod9xi1C93MqHFpwHog=
64,6,jE37MbQIb0YdVZ3s9TfiIegflOY=,1tT1EAJ1Bod9xi1C93MqHFpwHog=
78,8,jE37MbQIb0YdVZ3s9TfiIegflOY=,1tT1EAJ1Bod9xi1C93MqHFpwHog=
65,6,jE37MbQIb0YdVZ3s9TfiIegflOY=,1tT1EAJ1Bod9xi1C93MqHFpwHog=
77,8,jE37MbQIb0YdVZ3s9TfiIegflOY=,1tT1EAJ1Bod9xi1C93MqHFpwHog=
66,6,jE37MbQIb0YdVZ3s9TfiIegflOY=,1tT1EAJ1Bod9xi1C93MqHFpwHog=
67,6,jE37MbQIb0YdVZ3s9TfiIegflOY=,1tT1EAJ1Bod9xi1C93MqHFpwHog=
75,8,jE37MbQIb0YdVZ3s9TfiIegflOY=,1tT1EAJ1Bod9xi1C93MqHFpwHog=
76,8,jE37MbQIb0YdVZ3s9TfiIegflOY=,1tT1EAJ1Bod9xi1C93MqHFpwHog=
68,6,jE37MbQIb0YdVZ3s9TfiIegflOY=,1tT1EAJ1Bod9xi1C93MqHFpwHog=
69,6,jE37MbQIb0YdVZ3s9TfiIegflOY=,1tT1EAJ1Bod9xi1C93MqHFpwHog=
74,8,jE37MbQIb0YdVZ3s9TfiIegflOY=,1tT1EAJ1Bod9xi1C93MqHFpwHog=
70,6,jE37MbQIb0YdVZ3s9TfiIegflOY=,1tT1EAJ1Bod9xi1C93MqHFpwHog=
72,8,jE37MbQIb0YdVZ3s9TfiIegflOY=,1tT1EAJ1Bod9xi1C93MqHFpwHog=
70,1,jE37MbQIb0YdVZ3s9TfiIegflOY=,1tT1EAJ1Bod9xi1C93MqHFpwHog=
71,6,jE37MbQIb0YdVZ3s9TfiIegflOY=,1tT1EAJ1Bod9xi1C93MqHFpwHog=
71,8,jE37MbQIb0YdVZ3s9TfiIegflOY=,1tT1EAJ1Bod9xi1C93MqHFpwHog=
73,8,jE37MbQIb0YdVZ3s9TfiIegflOY=,1tT1EAJ1Bod9xi1C93MqHFpwHog=
72,6,jE37MbQIb0YdVZ3s9TfiIegflOY=,1tT1EAJ1Bod9xi1C93MqHFpwHog=
69,8,jE37MbQIb0YdVZ3s9TfiIegflOY=,1tT1EAJ1Bod9xi1C93MqHFpwHog=
70,8,jE37MbQIb0YdVZ3s9TfiIegflOY=,1tT1EAJ1Bod9xi1C93MqHFpwHog=
73,6,jE37MbQIb0YdVZ3s9TfiIegflOY=,1tT1EAJ1Bod9xi1C93MqHFpwHog=
65,8,jE37MbQIb0YdVZ3s9TfiIegflOY=,1tT1EAJ1Bod9xi1C93MqHFpwHog=
67,8,jE37MbQIb0YdVZ3s9TfiIegflOY=,1tT1EAJ1Bod9xi1C93MqHFpwHog=
64,8,jE37MbQIb0YdVZ3s9TfiIegflOY=,1tT1EAJ1Bod9xi1C93MqHFpwHog=
68,1,jE37MbQIb0YdVZ3s9TfiIegflOY=,1tT1EAJ1Bod9xi1C93MqHFpwHog=
79,7,jE37MbQIb0YdVZ3s9TfiIegflOY=,1tT1EAJ1Bod9xi1C93MqHFpwHog=
78,7,jE37MbQIb0YdVZ3s9TfiIegflOY=,1tT1EAJ1Bod9xi1C93MqHFpwHog=
74,6,jE37MbQIb0YdVZ3s9TfiIegflOY=,1tT1EAJ1Bod9xi1C93MqHFpwHog=
76,7,jE37MbQIb0YdVZ3s9TfiIegflOY=,1tT1EAJ1Bod9xi1C93MqHFpwHog=
75,6,jE37MbQIb0YdVZ3s9TfiIegflOY=,1tT1EAJ1Bod9xi1C93MqHFpwHog=
77,7,jE37MbQIb0YdVZ3s9TfiIegflOY=,1tT1EAJ1Bod9xi1C93MqHFpwHog=
75,7,jE37MbQIb0YdVZ3s9TfiIegflOY=,1tT1EAJ1Bod9xi1C93MqHFpwHog=
74,7,jE37MbQIb0YdVZ3s9TfiIegflOY=,1tT1EAJ1Bod9xi1C93MqHFpwHog=
69,1,jE37MbQIb0YdVZ3s9TfiIegflOY=,1tT1EAJ1Bod9xi1C93MqHFpwHog=
76,6,jE37MbQIb0YdVZ3s9TfiIegflOY=,1tT1EAJ1Bod9xi1C93MqHFpwHog=
73,7,jE37MbQIb0YdVZ3s9TfiIegflOY=,1tT1EAJ1Bod9xi1C93MqHFpwHog=
72,7,jE37MbQIb0YdVZ3s9TfiIegflOY=,1tT1EAJ1Bod9xi1C93MqHFpwHog=
71,7,jE37MbQIb0YdVZ3s9TfiIegflOY=,1tT1EAJ1Bod9xi1C93MqHFpwHog=
70,7,jE37MbQIb0YdVZ3s9TfiIegflOY=,1tT1EAJ1Bod9xi1C93MqHFpwHog=
69,7,jE37MbQIb0YdVZ3s9TfiIegflOY=,1tT1EAJ1Bod9xi1C93MqHFpwHog=
77,6,jE37MbQIb0YdVZ3s9TfiIegflOY=,1tT1EAJ1Bod9xi1C93MqHFpwHog=
68,8,jE37MbQIb0YdVZ3s9TfiIegflOY=,1tT1EAJ1Bod9xi1C93MqHFpwHog=
66,7,jE37MbQIb0YdVZ3s9TfiIegflOY=,1tT1EAJ1Bod9xi1C93MqHFpwHog=
78,6,jE37MbQIb0YdVZ3s9TfiIegflOY=,1tT1EAJ1Bod9xi1C93MqHFpwHog=
65,7,jE37MbQIb0YdVZ3s9TfiIegflOY=,1tT1EAJ1Bod9xi1C93MqHFpwHog=
79,6,jE37MbQIb0YdVZ3s9TfiIegflOY=,1tT1EAJ1Bod9xi1C93MqHFpwHog=
66,8,jE37MbQIb0YdVZ3s9TfiIegflOY=,1tT1EAJ1Bod9xi1C93MqHFpwHog=
68,7,jE37MbQIb0YdVZ3s9TfiIegflOY=,1tT1EAJ1Bod9xi1C93MqHFpwHog=
67,7,jE37MbQIb0YdVZ3s9TfiIegflOY=,1tT1EAJ1Bod9xi1C93MqHFpwHog=
64,7,jE37MbQIb0YdVZ3s9TfiIegflOY=,1tT1EAJ1Bod9xi1C93MqHFpwHog=
80,1,jE37MbQIb0YdVZ3s9TfiIegflOY=,1tT1EAJ1Bod9xi1C93MqHFpwHog=
95,0,jE37MbQIb0YdVZ3s9TfiIegflOY=,1tT1EAJ1Bod9xi1C93MqHFpwHog=
80,0,jE37MbQIb0YdVZ3s9TfiIegflOY=,1tT1EAJ1Bod9xi1C93MqHFpwHog=
95,15,jE37MbQIb0YdVZ3s9TfiIegflOY=,1tT1EAJ1Bod9xi1C93MqHFpwHog=
81,1,jE37MbQIb0YdVZ3s9TfiIegflOY=,1tT1EAJ1Bod9xi1C93MqHFpwHog=
93,15,jE37MbQIb0YdVZ3s9TfiIegflOY=,1tT1EAJ1Bod9xi1C93MqHFpwHog=
92,15,jE37MbQIb0YdVZ3s9TfiIegflOY=,1tT1EAJ1Bod9xi1C93MqHFpwHog=
82,1,jE37MbQIb0YdVZ3s9TfiIegflOY=,1tT1EAJ1Bod9xi1C93MqHFpwHog=
91,15,jE37MbQIb0YdVZ3s9TfiIegflOY=,1tT1EAJ1Bod9xi1C93MqHFpwHog=
83,1,jE37MbQIb0YdVZ3s9TfiIegflOY=,1tT1EAJ1Bod9xi1C93MqHFpwHog=
90,15,jE37MbQIb0YdVZ3s9TfiIegflOY=,1tT1EAJ1Bod9xi1C93MqHFpwHog=
84,1,jE37MbQIb0YdVZ3s9TfiIegflOY=,1tT1EAJ1Bod9xi1C93MqHFpwHog=
89,15,jE37MbQIb0YdVZ3s9TfiIegflOY=,1tT1EAJ1Bod9xi1C93MqHFpwHog=
88,15,jE37MbQIb0YdVZ3s9TfiIegflOY=,1tT1EAJ1Bod9xi1C93MqHFpwHog=
87,15,jE37MbQIb0YdVZ3s9TfiIegflOY=,1tT1EAJ1Bod9xi1C93MqHFpwHog=
86,15,jE37MbQIb0YdVZ3s9TfiIegflOY=,1tT1EAJ1Bod9xi1C93MqHFpwHog=
85,15,jE37MbQIb0YdVZ3s9TfiIegflOY=,1tT1EAJ1Bod9xi1C93MqHFpwHog=
84,15,jE37MbQIb0YdVZ3s9TfiIegflOY=,1tT1EAJ1Bod9xi1C93MqHFpwHog=
94,15,jE37MbQIb0YdVZ3s9TfiIegflOY=,1tT1EAJ1Bod9xi1C93MqHFpwHog=
83,15,jE37MbQIb0YdVZ3s9TfiIegflOY=,1tT1EAJ1Bod9xi1C93MqHFpwHog=
82,15,jE37MbQIb0YdVZ3s9TfiIegflOY=,1tT1EAJ1Bod9xi1C93MqHFpwHog=
81,15,jE37MbQIb0YdVZ3s9TfiIegflOY=,1tT1EAJ1Bod9xi1C93MqHFpwHog=
80,15,jE37MbQIb0YdVZ3s9TfiIegflOY=,1tT1EAJ1Bod9xi1C93MqHFpwHog=
95,14,jE37MbQIb0YdVZ3s9TfiIegflOY=,1tT1EAJ1Bod9xi1C93MqHFpwHog=
93,14,jE37MbQIb0YdVZ3s9TfiIegflOY=,1tT1EAJ1Bod9xi1C93MqHFpwHog=
94,14,jE37MbQIb0YdVZ3s9TfiIegflOY=,1tT1EAJ1Bod9xi1C93MqHFpwHog=
92,14,jE37MbQIb0YdVZ3s9TfiIegflOY=,1tT1EAJ1Bod9xi1C93MqHFpwHog=
91,14,jE37MbQIb0YdVZ3s9TfiIegflOY=,1tT1EAJ1Bod9xi1C93MqHFpwHog=
89,14,jE37MbQIb0YdVZ3s9TfiIegflOY=,1tT1EAJ1Bod9xi1C93MqHFpwHog=
88,14,jE37MbQIb0YdVZ3s9TfiIegflOY=,1tT1EAJ1Bod9xi1C93MqHFpwHog=
87,14,jE37MbQIb0YdVZ3s9TfiIegflOY=,1tT1EAJ1Bod9xi1C93MqHFpwHog=
85,14,jE37MbQIb0YdVZ3s9TfiIegflOY=,1tT1EAJ1Bod9xi1C93MqHFpwHog=
84,14,jE37MbQIb0YdVZ3s9TfiIegflOY=,1tT1EAJ1Bod9xi1C93MqHFpwHog=
83,14,jE37MbQIb0YdVZ3s9TfiIegflOY=,1tT1EAJ1Bod9xi1C93MqHFpwHog=
82,14,jE37MbQIb0YdVZ3s9TfiIegflOY=,1tT1EAJ1Bod9xi1C93MqHFpwHog=
90,14,jE37MbQIb0YdVZ3s9TfiIegflOY=,1tT1EAJ1Bod9xi1C93MqHFpwHog=
81,14,jE37MbQIb0YdVZ3s9TfiIegflOY=,1tT1EAJ1Bod9xi1C93MqHFpwHog=
80,14,jE37MbQIb0YdVZ3s9TfiIegflOY=,1tT1EAJ1Bod9xi1C93MqHFpwHog=
94,0,jE37MbQIb0YdVZ3s9TfiIegflOY=,1tT1EAJ1Bod9xi1C93MqHFpwHog=
94,13,jE37MbQIb0YdVZ3s9TfiIegflOY=,1tT1EAJ1Bod9xi1C93MqHFpwHog=
95,13,jE37MbQIb0YdVZ3s9TfiIegflOY=,1tT1EAJ1Bod9xi1C93MqHFpwHog=
93,13,jE37MbQIb0YdVZ3s9TfiIegflOY=,1tT1EAJ1Bod9xi1C93MqHFpwHog=
91,13,jE37MbQIb0YdVZ3s9TfiIegflOY=,1tT1EAJ1Bod9xi1C93MqHFpwHog=
90,13,jE37MbQIb0YdVZ3s9TfiIegflOY=,1tT1EAJ1Bod9xi1C93MqHFpwHog=
86,14,jE37MbQIb0YdVZ3s9TfiIegflOY=,1tT1EAJ1Bod9xi1C93MqHFpwHog=
89,13,jE37MbQIb0YdVZ3s9TfiIegflOY=,1tT1EAJ1Bod9xi1C93MqHFpwHog=
88,13,jE37MbQIb0YdVZ3s9TfiIegflOY=,1tT1EAJ1Bod9xi1C93MqHFpwHog=
87,13,jE37MbQIb0YdVZ3s9TfiIegflOY=,1tT1EAJ1Bod9xi1C93MqHFpwHog=
86,13,jE37MbQIb0YdVZ3s9TfiIegflOY=,1tT1EAJ1Bod9xi1C93MqHFpwHog=
85,13,jE37MbQIb0YdVZ3s9TfiIegflOY=,1tT1EAJ1Bod9xi1C93MqHFpwHog=
84,13,jE37MbQIb0YdVZ3s9TfiIegflOY=,1tT1EAJ1Bod9xi1C93MqHFpwHog=
92,13,jE37MbQIb0YdVZ3s9TfiIegflOY=,1tT1EAJ1Bod9xi1C93MqHFpwHog=
82,13,jE37MbQIb0YdVZ3s9TfiIegflOY=,1tT1EAJ1Bod9xi1C93MqHFpwHog=
81,13,jE37MbQIb0YdVZ3s9TfiIegflOY=,1tT1EAJ1Bod9xi1C93MqHFpwHog=
80,13,jE37MbQIb0YdVZ3s9TfiIegflOY=,1tT1EAJ1Bod9xi1C93MqHFpwHog=
93,0,jE37MbQIb0YdVZ3s9TfiIegflOY=,1tT1EAJ1Bod9xi1C93MqHFpwHog=
94,12,jE37MbQIb0YdVZ3s9TfiIegflOY=,1tT1EAJ1Bod9xi1C93MqHFpwHog=
95,12,jE37MbQIb0YdVZ3s9TfiIegflOY=,1tT1EAJ1Bod9xi1C93MqHFpwHog=
93,12,jE37MbQIb0YdVZ3s9TfiIegflOY=,1tT1EAJ1Bod9xi1C93MqHFpwHog=
83,13,jE37MbQIb0YdVZ3s9TfiIegflOY=,1tT1EAJ1Bod9xi1C93MqHFpwHog=
90,12,jE37MbQIb0YdVZ3s9TfiIegflOY=,1tT1EAJ1Bod9xi1C93MqHFpwHog=
89,12,jE37MbQIb0YdVZ3s9TfiIegflOY=,1tT1EAJ1Bod9xi1C93MqHFpwHog=
88,12,jE37MbQIb0YdVZ3s9TfiIegflOY=,1tT1EAJ1Bod9xi1C93MqHFpwHog=
92,12,jE37MbQIb0YdVZ3s9TfiIegflOY=,1tT1EAJ1Bod9xi1C93MqHFpwHog=
87,12,jE37MbQIb0YdVZ3s9TfiIegflOY=,1tT1EAJ1Bod9xi1C93MqHFpwHog=
86,12,jE37MbQIb0YdVZ3s9TfiIegflOY=,1tT1EAJ1Bod9xi1C93MqHFpwHog=
91,12,jE37MbQIb0YdVZ3s9TfiIegflOY=,1tT1EAJ1Bod9xi1C93MqHFpwHog=
84,12,jE37MbQIb0YdVZ3s9TfiIegflOY=,1tT1EAJ1Bod9xi1C93MqHFpwHog=
83,12,jE37MbQIb0YdVZ3s9TfiIegflOY=,1tT1EAJ1Bod9xi1C93MqHFpwHog=
82,12,jE37MbQIb0YdVZ3s9TfiIegflOY=,1tT1EAJ1Bod9xi1C93MqHFpwHog=
81,12,jE37MbQIb0YdVZ3s9TfiIegflOY=,1tT1EAJ1Bod9xi1C93MqHFpwHog=
80,12,jE37MbQIb0YdVZ3s9TfiIegflOY=,1tT1EAJ1Bod9xi1C93MqHFpwHog=
92,0,jE37MbQIb0YdVZ3s9TfiIegflOY=,1tT1EAJ1Bod9xi1C93MqHFpwHog=
95,11,jE37MbQIb0YdVZ3s9TfiIegflOY=,1tT1EAJ1Bod9xi1C93MqHFpwHog=
94,11,jE37MbQIb0YdVZ3s9TfiIegflOY=,1tT1EAJ1Bod9xi1C93MqHFpwHog=
85,12,jE37MbQIb0YdVZ3s9TfiIegflOY=,1tT1EAJ1Bod9xi1C93MqHFpwHog=
93,11,jE37MbQIb0YdVZ3s9TfiIegflOY=,1tT1EAJ1Bod9xi1C93MqHFpwHog=
91,11,jE37MbQIb0YdVZ3s9TfiIegflOY=,1tT1EAJ1Bod9xi1C93MqHFpwHog=
85,1,jE37MbQIb0YdVZ3s9TfiIegflOY=,1tT1EAJ1Bod9xi1C93MqHFpwHog=
90,11,jE37MbQIb0YdVZ3s9TfiIegflOY=,1tT1EAJ1Bod9xi1C93MqHFpwHog=
89,11,jE37MbQIb0YdVZ3s9TfiIegflOY=,1tT1EAJ1Bod9xi1C93MqHFpwHog=
88,11,jE37MbQIb0YdVZ3s9TfiIegflOY=,1tT1EAJ1Bod9xi1C93MqHFpwHog=
87,11,jE37MbQIb0YdVZ3s9TfiIegflOY=,1tT1EAJ1Bod9xi1C93MqHFpwHog=
86,11,jE37MbQIb0YdVZ3s9TfiIegflOY=,1tT1EAJ1Bod9xi1C93MqHFpwHog=
85,11,jE37MbQIb0YdVZ3s9TfiIegflOY=,1tT1EAJ1Bod9xi1C93MqHFpwHog=
84,11,jE37MbQIb0YdVZ3s9TfiIegflOY=,1tT1EAJ1Bod9xi1C93MqHFpwHog=
92,11,jE37MbQIb0YdVZ3s9TfiIegflOY=,1tT1EAJ1Bod9xi1C93MqHFpwHog=
82,11,jE37MbQIb0YdVZ3s9TfiIegflOY=,1tT1EAJ1Bod9xi1C93MqHFpwHog=
80,11,jE37MbQIb0YdVZ3s9TfiIegflOY=,1tT1EAJ1Bod9xi1C93MqHFpwHog=
86,1,jE37MbQIb0YdVZ3s9TfiIegflOY=,1tT1EAJ1Bod9xi1C93MqHFpwHog=
83,11,jE37MbQIb0YdVZ3s9TfiIegflOY=,1tT1EAJ1Bod9xi1C93MqHFpwHog=
91,0,jE37MbQIb0YdVZ3s9TfiIegflOY=,1tT1EAJ1Bod9xi1C93MqHFpwHog=
87,1,jE37MbQIb0YdVZ3s9TfiIegflOY=,1tT1EAJ1Bod9xi1C93MqHFpwHog=
88,1,jE37MbQIb0YdVZ3s9TfiIegflOY=,1tT1EAJ1Bod9xi1C93MqHFpwHog=
94,10,jE37MbQIb0YdVZ3s9TfiIegflOY=,1tT1EAJ1Bod9xi1C93MqHFpwHog=
89,1,jE37MbQIb0YdVZ3s9TfiIegflOY=,1tT1EAJ1Bod9xi1C93MqHFpwHog=
93,10,jE37MbQIb0YdVZ3s9TfiIegflOY=,1tT1EAJ1Bod9xi1C93MqHFpwHog=
90,1,jE37MbQIb0YdVZ3s9TfiIegflOY=,1tT1EAJ1Bod9xi1C93MqHFpwHog=
91,1,jE37MbQIb0YdVZ3s9TfiIegflOY=,1tT1EAJ1Bod9xi1C93MqHFpwHog=
92,10,jE37MbQIb0YdVZ3s9TfiIegflOY=,1tT1EAJ1Bod9xi1C93MqHFpwHog=
92,1,jE37MbQIb0YdVZ3s9TfiIegflOY=,1tT1EAJ1Bod9xi1C93MqHFpwHog=
91,10,jE37MbQIb0YdVZ3s9TfiIegflOY=,1tT1EAJ1Bod9xi1C93MqHFpwHog=
93,1,jE37MbQIb0YdVZ3s9TfiIegflOY=,1tT1EAJ1Bod9xi1C93MqHFpwHog=
81,0,jE37MbQIb0YdVZ3s9TfiIegflOY=,1tT1EAJ1Bod9xi1C93MqHFpwHog=
90,10,jE37MbQIb0YdVZ3s9TfiIegflOY=,1tT1EAJ1Bod9xi1C93MqHFpwHog=
89,10,jE37MbQIb0YdVZ3s9TfiIegflOY=,1tT1EAJ1Bod9xi1C93MqHFpwHog=
88,10,jE37MbQIb0YdVZ3s9TfiIegflOY=,1tT1EAJ1Bod9xi1C93MqHFpwHog=
87,10,jE37MbQIb0YdVZ3s9TfiIegflOY=,1tT1EAJ1Bod9xi1C93MqHFpwHog=
85,10,jE37MbQIb0YdVZ3s9TfiIegflOY=,1tT1EAJ1Bod9xi1C93MqHFpwHog=
95,10,jE37MbQIb0YdVZ3s9TfiIegflOY=,1tT1EAJ1Bod9xi1C93MqHFpwHog=
86,10,jE37MbQIb0YdVZ3s9TfiIegflOY=,1tT1EAJ1Bod9xi1C93MqHFpwHog=
84,10,jE37MbQIb0YdVZ3s9TfiIegflOY=,1tT1EAJ1Bod9xi1C93MqHFpwHog=
80,10,jE37MbQIb0YdVZ3s9TfiIegflOY=,1tT1EAJ1Bod9xi1C93MqHFpwHog=
81,10,jE37MbQIb0YdVZ3s9TfiIegflOY=,1tT1EAJ1Bod9xi1C93MqHFpwHog=
83,10,jE37MbQIb0YdVZ3s9TfiIegflOY=,1tT1EAJ1Bod9xi1C93MqHFpwHog=
90,0,jE37MbQIb0YdVZ3s9TfiIegflOY=,1tT1EAJ1Bod9xi1C93MqHFpwHog=
82,10,jE37MbQIb0YdVZ3s9TfiIegflOY=,1tT1EAJ1Bod9xi1C93MqHFpwHog=
94,9,jE37MbQIb0YdVZ3s9TfiIegflOY=,1tT1EAJ1Bod9xi1C93MqHFpwHog=
95,9,jE37MbQIb0YdVZ3s9TfiIegflOY=,1tT1EAJ1Bod9xi1C93MqHFpwHog=
90,9,jE37MbQIb0YdVZ3s9TfiIegflOY=,1tT1EAJ1Bod9xi1C93MqHFpwHog=
91,9,jE37MbQIb0YdVZ3s9TfiIegflOY=,1tT1EAJ1Bod9xi1C93MqHFpwHog=
93,9,jE37MbQIb0YdVZ3s9TfiIegflOY=,1tT1EAJ1Bod9xi1C93MqHFpwHog=
92,9,jE37MbQIb0YdVZ3s9TfiIegflOY=,1tT1EAJ1Bod9xi1C93MqHFpwHog=
88,9,jE37MbQIb0YdVZ3s9TfiIegflOY=,1tT1EAJ1Bod9xi1C93MqHFpwHog=
87,9,jE37MbQIb0YdVZ3s9TfiIegflOY=,1tT1EAJ1Bod9xi1C93MqHFpwHog=
89,9,jE37MbQIb0YdVZ3s9TfiIegflOY=,1tT1EAJ1Bod9xi1C93MqHFpwHog=
84,9,jE37MbQIb0YdVZ3s9TfiIegflOY=,1tT1EAJ1Bod9xi1C93MqHFpwHog=
85,9,jE37MbQIb0YdVZ3s9TfiIegflOY=,1tT1EAJ1Bod9xi1C93MqHFpwHog=
81,11,jE37MbQIb0YdVZ3s9TfiIegflOY=,1tT1EAJ1Bod9xi1C93MqHFpwHog=
80,9,jE37MbQIb0YdVZ3s9TfiIegflOY=,1tT1EAJ1Bod9xi1C93MqHFpwHog=
89,0,jE37MbQIb0YdVZ3s9TfiIegflOY=,1tT1EAJ1Bod9xi1C93MqHFpwHog=
94,8,jE37MbQIb0YdVZ3s9TfiIegflOY=,1tT1EAJ1Bod9xi1C93MqHFpwHog=
95,8,jE37MbQIb0YdVZ3s9TfiIegflOY=,1tT1EAJ1Bod9xi1C93MqHFpwHog=
93,8,jE37MbQIb0YdVZ3s9TfiIegflOY=,1tT1EAJ1Bod9xi1C93MqHFpwHog=
92,8,jE37MbQIb0YdVZ3s9TfiIegflOY=,1tT1EAJ1Bod9xi1C93MqHFpwHog=
90,8,jE37MbQIb0YdVZ3s9TfiIegflOY=,1tT1EAJ1Bod9xi1C93MqHFpwHog=
89,8,jE37MbQIb0YdVZ3s9TfiIegflOY=,1tT1EAJ1Bod9xi1C93MqHFpwHog=
82,9,jE37MbQIb0YdVZ3s9TfiIegflOY=,1tT1EAJ1Bod9xi1C93MqHFpwHog=
86,9,jE37MbQIb0YdVZ3s9TfiIegflOY=,1tT1EAJ1Bod9xi1C93MqHFpwHog=
87,8,jE37MbQIb0YdVZ3s9TfiIegflOY=,1tT1EAJ1Bod9xi1C93MqHFpwHog=
85,8,jE37MbQIb0YdVZ3s9TfiIegflOY=,1tT1EAJ1Bod9xi1C93MqHFpwHog=
86,8,jE37MbQIb0YdVZ3s9TfiIegflOY=,1tT1EAJ1Bod9xi1C93MqHFpwHog=
83,8,jE37MbQIb0YdVZ3s9TfiIegflOY=,1tT1EAJ1Bod9xi1C93MqHFpwHog=
84,8,jE37MbQIb0YdVZ3s9TfiIegflOY=,1tT1EAJ1Bod9xi1C93MqHFpwHog=
83,9,jE37MbQIb0YdVZ3s9TfiIegflOY=,1tT1EAJ1Bod9xi1C93MqHFpwHog=
82,8,jE37MbQIb0YdVZ3s9TfiIegflOY=,1tT1EAJ1Bod9xi1C93MqHFpwHog=
81,8,jE37MbQIb0YdVZ3s9TfiIegflOY=,1tT1EAJ1Bod9xi1C93MqHFpwHog=
88,0,jE37MbQIb0YdVZ3s9TfiIegflOY=,1tT1EAJ1Bod9xi1C93MqHFpwHog=
95,7,jE37MbQIb0YdVZ3s9TfiIegflOY=,1tT1EAJ1Bod9xi1C93MqHFpwHog=
80,8,jE37MbQIb0YdVZ3s9TfiIegflOY=,1tT1EAJ1Bod9xi1C93MqHFpwHog=
94,7,jE37MbQIb0YdVZ3s9TfiIegflOY=,1tT1EAJ1Bod9xi1C93MqHFpwHog=
81,9,jE37MbQIb0YdVZ3s9TfiIegflOY=,1tT1EAJ1Bod9xi1C93MqHFpwHog=
92,7,jE37MbQIb0YdVZ3s9TfiIegflOY=,1tT1EAJ1Bod9xi1C93MqHFpwHog=
90,7,jE37MbQIb0YdVZ3s9TfiIegflOY=,1tT1EAJ1Bod9xi1C93MqHFpwHog=
88,7,jE37MbQIb0YdVZ3s9TfiIegflOY=,1tT1EAJ1Bod9xi1C93MqHFpwHog=
89,7,jE37MbQIb0YdVZ3s9TfiIegflOY=,1tT1EAJ1Bod9xi1C93MqHFpwHog=
87,7,jE37MbQIb0YdVZ3s9TfiIegflOY=,1tT1EAJ1Bod9xi1C93MqHFpwHog=
86,7,jE37MbQIb0YdVZ3s9TfiIegflOY=,1tT1EAJ1Bod9xi1C93MqHFpwHog=
91,8,jE37MbQIb0YdVZ3s9TfiIegflOY=,1tT1EAJ1Bod9xi1C93MqHFpwHog=
88,8,jE37MbQIb0YdVZ3s9TfiIegflOY=,1tT1EAJ1Bod9xi1C93MqHFpwHog=
83,7,jE37MbQIb0YdVZ3s9TfiIegflOY=,1tT1EAJ1Bod9xi1C93MqHFpwHog=
82,7,jE37MbQIb0YdVZ3s9TfiIegflOY=,1tT1EAJ1Bod9xi1C93MqHFpwHog=
84,7,jE37MbQIb0YdVZ3s9TfiIegflOY=,1tT1EAJ1Bod9xi1C93MqHFpwHog=
85,7,jE37MbQIb0YdVZ3s9TfiIegflOY=,1tT1EAJ1Bod9xi1C93MqHFpwHog=
81,7,jE37MbQIb0YdVZ3s9TfiIegflOY=,1tT1EAJ1Bod9xi1C93MqHFpwHog=
87,0,jE37MbQIb0YdVZ3s9TfiIegflOY=,1tT1EAJ1Bod9xi1C93MqHFpwHog=
95,6,jE37MbQIb0YdVZ3s9TfiIegflOY=,1tT1EAJ1Bod9xi1C93MqHFpwHog=
94,6,jE37MbQIb0YdVZ3s9TfiIegflOY=,1tT1EAJ1Bod9xi1C93MqHFpwHog=
93,6,jE37MbQIb0YdVZ3s9TfiIegflOY=,1tT1EAJ1Bod9xi1C93MqHFpwHog=
91,6,jE37MbQIb0YdVZ3s9TfiIegflOY=,1tT1EAJ1Bod9xi1C93MqHFpwHog=
90,6,jE37MbQIb0YdVZ3s9TfiIegflOY=,1tT1EAJ1Bod9xi1C93MqHFpwHog=
88,6,jE37MbQIb0YdVZ3s9TfiIegflOY=,1tT1EAJ1Bod9xi1C93MqHFpwHog=
80,7,jE37MbQIb0YdVZ3s9TfiIegflOY=,1tT1EAJ1Bod9xi1C93MqHFpwHog=
86,6,jE37MbQIb0YdVZ3s9TfiIegflOY=,1tT1EAJ1Bod9xi1C93MqHFpwHog=
87,6,jE37MbQIb0YdVZ3s9TfiIegflOY=,1tT1EAJ1Bod9xi1C93MqHFpwHog=
91,7,jE37MbQIb0YdVZ3s9TfiIegflOY=,1tT1EAJ1Bod9xi1C93MqHFpwHog=
84,6,jE37MbQIb0YdVZ3s9TfiIegflOY=,1tT1EAJ1Bod9xi1C93MqHFpwHog=
83,6,jE37MbQIb0YdVZ3s9TfiIegflOY=,1tT1EAJ1Bod9xi1C93MqHFpwHog=
82,6,jE37MbQIb0YdVZ3s9TfiIegflOY=,1tT1EAJ1Bod9xi1C93MqHFpwHog=
81,6,jE37MbQIb0YdVZ3s9TfiIegflOY=,1tT1EAJ1Bod9xi1C93MqHFpwHog=
93,7,jE37MbQIb0YdVZ3s9TfiIegflOY=,1tT1EAJ1Bod9xi1C93MqHFpwHog=
80,6,jE37MbQIb0YdVZ3s9TfiIegflOY=,1tT1EAJ1Bod9xi1C93MqHFpwHog=
92,6,jE37MbQIb0YdVZ3s9TfiIegflOY=,1tT1EAJ1Bod9xi1C93MqHFpwHog=
95,5,jE37MbQIb0YdVZ3s9TfiIegflOY=,1tT1EAJ1Bod9xi1C93MqHFpwHog=
85,6,jE37MbQIb0YdVZ3s9TfiIegflOY=,1tT1EAJ1Bod9xi1C93MqHFpwHog=
94,5,jE37MbQIb0YdVZ3s9TfiIegflOY=,1tT1EAJ1Bod9xi1C93MqHFpwHog=
92,5,jE37MbQIb0YdVZ3s9TfiIegflOY=,1tT1EAJ1Bod9xi1C93MqHFpwHog=
93,5,jE37MbQIb0YdVZ3s9TfiIegflOY=,1tT1EAJ1Bod9xi1C93MqHFpwHog=
91,5,jE37MbQIb0YdVZ3s9TfiIegflOY=,1tT1EAJ1Bod9xi1C93MqHFpwHog=
89,5,jE37MbQIb0YdVZ3s9TfiIegflOY=,1tT1EAJ1Bod9xi1C93MqHFpwHog=
87,5,jE37MbQIb0YdVZ3s9TfiIegflOY=,1tT1EAJ1Bod9xi1C93MqHFpwHog=
88,5,jE37MbQIb0YdVZ3s9TfiIegflOY=,1tT1EAJ1Bod9xi1C93MqHFpwHog=
90,5,jE37MbQIb0YdVZ3s9TfiIegflOY=,1tT1EAJ1Bod9xi1C93MqHFpwHog=
86,5,jE37MbQIb0YdVZ3s9TfiIegflOY=,1tT1EAJ1Bod9xi1C93MqHFpwHog=
85,5,jE37MbQIb0YdVZ3s9TfiIegflOY=,1tT1EAJ1Bod9xi1C93MqHFpwHog=
84,5,jE37MbQIb0YdVZ3s9TfiIegflOY=,1tT1EAJ1Bod9xi1C93MqHFpwHog=
82,5,jE37MbQIb0YdVZ3s9TfiIegflOY=,1tT1EAJ1Bod9xi1C93MqHFpwHog=
81,5,jE37MbQIb0YdVZ3s9TfiIegflOY=,1tT1EAJ1Bod9xi1C93MqHFpwHog=
80,5,jE37MbQIb0YdVZ3s9TfiIegflOY=,1tT1EAJ1Bod9xi1C93MqHFpwHog=
86,0,jE37MbQIb0YdVZ3s9TfiIegflOY=,1tT1EAJ1Bod9xi1C93MqHFpwHog=
89,6,jE37MbQIb0YdVZ3s9TfiIegflOY=,1tT1EAJ1Bod9xi1C93MqHFpwHog=
94,4,jE37MbQIb0YdVZ3s9TfiIegflOY=,1tT1EAJ1Bod9xi1C93MqHFpwHog=
93,4,jE37MbQIb0YdVZ3s9TfiIegflOY=,1tT1EAJ1Bod9xi1C93MqHFpwHog=
92,4,jE37MbQIb0YdVZ3s9TfiIegflOY=,1tT1EAJ1Bod9xi1C93MqHFpwHog=
91,4,jE37MbQIb0YdVZ3s9TfiIegflOY=,1tT1EAJ1Bod9xi1C93MqHFpwHog=
90,4,jE37MbQIb0YdVZ3s9TfiIegflOY=,1tT1EAJ1Bod9xi1C93MqHFpwHog=
87,4,jE37MbQIb0YdVZ3s9TfiIegflOY=,1tT1EAJ1Bod9xi1C93MqHFpwHog=
88,4,jE37MbQIb0YdVZ3s9TfiIegflOY=,1tT1EAJ1Bod9xi1C93MqHFpwHog=
89,4,jE37MbQIb0YdVZ3s9TfiIegflOY=,1tT1EAJ1Bod9xi1C93MqHFpwHog=
86,4,jE37MbQIb0YdVZ3s9TfiIegflOY=,1tT1EAJ1Bod9xi1C93MqHFpwHog=
83,4,jE37MbQIb0YdVZ3s9TfiIegflOY=,1tT1EAJ1Bod9xi1C93MqHFpwHog=
85,4,jE37MbQIb0YdVZ3s9TfiIegflOY=,1tT1EAJ1Bod9xi1C93MqHFpwHog=
82,4,jE37MbQIb0YdVZ3s9TfiIegflOY=,1tT1EAJ1Bod9xi1C93MqHFpwHog=
84,4,jE37MbQIb0YdVZ3s9TfiIegflOY=,1tT1EAJ1Bod9xi1C93MqHFpwHog=
81,4,jE37MbQIb0YdVZ3s9TfiIegflOY=,1tT1EAJ1Bod9xi1C93MqHFpwHog=
84,0,jE37MbQIb0YdVZ3s9TfiIegflOY=,1tT1EAJ1Bod9xi1C93MqHFpwHog=
95,4,jE37MbQIb0YdVZ3s9TfiIegflOY=,1tT1EAJ1Bod9xi1C93MqHFpwHog=
95,3,jE37MbQIb0YdVZ3s9TfiIegflOY=,1tT1EAJ1Bod9xi1C93MqHFpwHog=
93,3,jE37MbQIb0YdVZ3s9TfiIegflOY=,1tT1EAJ1Bod9xi1C93MqHFpwHog=
92,3,jE37MbQIb0YdVZ3s9TfiIegflOY=,1tT1EAJ1Bod9xi1C93MqHFpwHog=
94,3,jE37MbQIb0YdVZ3s9TfiIegflOY=,1tT1EAJ1Bod9xi1C93MqHFpwHog=
91,3,jE37MbQIb0YdVZ3s9TfiIegflOY=,1tT1EAJ1Bod9xi1C93MqHFpwHog=
90,3,jE37MbQIb0YdVZ3s9TfiIegflOY=,1tT1EAJ1Bod9xi1C93MqHFpwHog=
87,3,jE37MbQIb0YdVZ3s9TfiIegflOY=,1tT1EAJ1Bod9xi1C93MqHFpwHog=
88,3,jE37MbQIb0YdVZ3s9TfiIegflOY=,1tT1EAJ1Bod9xi1C93MqHFpwHog=
83,5,jE37MbQIb0YdVZ3s9TfiIegflOY=,1tT1EAJ1Bod9xi1C93MqHFpwHog=
89,3,jE37MbQIb0YdVZ3s9TfiIegflOY=,1tT1EAJ1Bod9xi1C93MqHFpwHog=
86,3,jE37MbQIb0YdVZ3s9TfiIegflOY=,1tT1EAJ1Bod9xi1C93MqHFpwHog=
85,3,jE37MbQIb0YdVZ3s9TfiIegflOY=,1tT1EAJ1Bod9xi1C93MqHFpwHog=
82,3,jE37MbQIb0YdVZ3s9TfiIegflOY=,1tT1EAJ1Bod9xi1C93MqHFpwHog=
84,3,jE37MbQIb0YdVZ3s9TfiIegflOY=,1tT1EAJ1Bod9xi1C93MqHFpwHog=
83,3,jE37MbQIb0YdVZ3s9TfiIegflOY=,1tT1EAJ1Bod9xi1C93MqHFpwHog=
80,3,jE37MbQIb0YdVZ3s9TfiIegflOY=,1tT1EAJ1Bod9xi1C93MqHFpwHog=
83,0,jE37MbQIb0YdVZ3s9TfiIegflOY=,1tT1EAJ1Bod9xi1C93MqHFpwHog=
95,2,jE37MbQIb0YdVZ3s9TfiIegflOY=,1tT1EAJ1Bod9xi1C93MqHFpwHog=
92,2,jE37MbQIb0YdVZ3s9TfiIegflOY=,1tT1EAJ1Bod9xi1C93MqHFpwHog=
93,2,jE37MbQIb0YdVZ3s9TfiIegflOY=,1tT1EAJ1Bod9xi1C93MqHFpwHog=
81,3,jE37MbQIb0YdVZ3s9TfiIegflOY=,1tT1EAJ1Bod9xi1C93MqHFpwHog=
91,2,jE37MbQIb0YdVZ3s9TfiIegflOY=,1tT1EAJ1Bod9xi1C93MqHFpwHog=
89,2,jE37MbQIb0YdVZ3s9TfiIegflOY=,1tT1EAJ1Bod9xi1C93MqHFpwHog=
90,2,jE37MbQIb0YdVZ3s9TfiIegflOY=,1tT1EAJ1Bod9xi1C93MqHFpwHog=
87,2,jE37MbQIb0YdVZ3s9TfiIegflOY=,1tT1EAJ1Bod9xi1C93MqHFpwHog=
85,2,jE37MbQIb0YdVZ3s9TfiIegflOY=,1tT1EAJ1Bod9xi1C93MqHFpwHog=
80,4,jE37MbQIb0YdVZ3s9TfiIegflOY=,1tT1EAJ1Bod9xi1C93MqHFpwHog=
86,2,jE37MbQIb0YdVZ3s9TfiIegflOY=,1tT1EAJ1Bod9xi1C93MqHFpwHog=
82,2,jE37MbQIb0YdVZ3s9TfiIegflOY=,1tT1EAJ1Bod9xi1C93MqHFpwHog=
83,2,jE37MbQIb0YdVZ3s9TfiIegflOY=,1tT1EAJ1Bod9xi1C93MqHFpwHog=
81,2,jE37MbQIb0YdVZ3s9TfiIegflOY=,1tT1EAJ1Bod9xi1C93MqHFpwHog=
82,0,jE37MbQIb0YdVZ3s9TfiIegflOY=,1tT1EAJ1Bod9xi1C93MqHFpwHog=
95,1,jE37MbQIb0YdVZ3s9TfiIegflOY=,1tT1EAJ1Bod9xi1C93MqHFpwHog=
88,2,jE37MbQIb0YdVZ3s9TfiIegflOY=,1tT1EAJ1Bod9xi1C93MqHFpwHog=
80,2,jE37MbQIb0YdVZ3s9TfiIegflOY=,1tT1EAJ1Bod9xi1C93MqHFpwHog=
94,2,jE37MbQIb0YdVZ3s9TfiIegflOY=,1tT1EAJ1Bod9xi1C93MqHFpwHog=
94,1,jE37MbQIb0YdVZ3s9TfiIegflOY=,1tT1EAJ1Bod9xi1C93MqHFpwHog=
85,0,jE37MbQIb0YdVZ3s9TfiIegflOY=,1tT1EAJ1Bod9xi1C93MqHFpwHog=
84,2,jE37MbQIb0YdVZ3s9TfiIegflOY=,1tT1EAJ1Bod9xi1C93MqHFpwHog=
64,16,jE37MbQIb0YdVZ3s9TfiIegflOY=,1tT1EAJ1Bod9xi1C93MqHFpwHog=
64,17,ML6P6eJf94+6sJADDblzRjTjAR8=,1tT1EAJ1Bod9xi1C93MqHFpwHog=
79,16,jE37MbQIb0YdVZ3s9TfiIegflOY=,1tT1EAJ1Bod9xi1C93MqHFpwHog=
78,31,jE37MbQIb0YdVZ3s9TfiIegflOY=,1tT1EAJ1Bod9xi1C93MqHFpwHog=
65,17,ML6P6eJf94+6sJADDblzRjTjAR8=,1tT1EAJ1Bod9xi1C93MqHFpwHog=
77,31,jE37MbQIb0YdVZ3s9TfiIegflOY=,1tT1EAJ1Bod9xi1C93MqHFpwHog=
66,17,ML6P6eJf94+6sJADDblzRjTjAR8=,1tT1EAJ1Bod9xi1C93MqHFpwHog=
76,31,jE37MbQIb0YdVZ3s9TfiIegflOY=,1tT1EAJ1Bod9xi1C93MqHFpwHog=
67,17,ML6P6eJf94+6sJADDblzRjTjAR8=,1tT1EAJ1Bod9xi1C93MqHFpwHog=
75,31,jE37MbQIb0YdVZ3s9TfiIegflOY=,1tT1EAJ1Bod9xi1C93MqHFpwHog=
73,31,jE37MbQIb0YdVZ3s9TfiIegflOY=,1tT1EAJ1Bod9xi1C93MqHFpwHog=
74,31,jE37MbQIb0YdVZ3s9TfiIegflOY=,1tT1EAJ1Bod9xi1C93MqHFpwHog=
79,31,jE37MbQIb0YdVZ3s9TfiIegflOY=,1tT1EAJ1Bod9xi1C93MqHFpwHog=
72,31,jE37MbQIb0YdVZ3s9TfiIegflOY=,1tT1EAJ1Bod9xi1C93MqHFpwHog=
71,31,jE37MbQIb0YdVZ3s9TfiIegflOY=,1tT1EAJ1Bod9xi1C93MqHFpwHog=
69,31,jE37MbQIb0YdVZ3s9TfiIegflOY=,1tT1EAJ1Bod9xi1C93MqHFpwHog=
68,31,jE37MbQIb0YdVZ3s9TfiIegflOY=,1tT1EAJ1Bod9xi1C93MqHFpwHog=
67,31,jE37MbQIb0YdVZ3s9TfiIegflOY=,1tT1EAJ1Bod9xi1C93MqHFpwHog=
66,31,jE37MbQIb0YdVZ3s9TfiIegflOY=,1tT1EAJ1Bod9xi1C93MqHFpwHog=
70,31,jE37MbQIb0YdVZ3s9TfiIegflOY=,1tT1EAJ1Bod9xi1C93MqHFpwHog=
65,31,jE37MbQIb0YdVZ3s9TfiIegflOY=,1tT1EAJ1Bod9xi1C93MqHFpwHog=
78,16,jE37MbQIb0YdVZ3s9TfiIegflOY=,1tT1EAJ1Bod9xi1C93MqHFpwHog=
64,31,jE37MbQIb0YdVZ3s9TfiIegflOY=,1tT1EAJ1Bod9xi1C93MqHFpwHog=
79,30,jE37MbQIb0YdVZ3s9TfiIegflOY=,1tT1EAJ1Bod9xi1C93MqHFpwHog=
77,30,jE37MbQIb0YdVZ3s9TfiIegflOY=,1tT1EAJ1Bod9xi1C93MqHFpwHog=
78,30,jE37MbQIb0YdVZ3s9TfiIegflOY=,1tT1EAJ1Bod9xi1C93MqHFpwHog=
75,30,jE37MbQIb0YdVZ3s9TfiIegflOY=,1tT1EAJ1Bod9xi1C93MqHFpwHog=
68,17,ML6P6eJf94+6sJADDblzRjTjAR8=,1tT1EAJ1Bod9xi1C93MqHFpwHog=
74,30,jE37MbQIb0YdVZ3s9TfiIegflOY=,1tT1EAJ1Bod9xi1C93MqHFpwHog=
69,17,ML6P6eJf94+6sJADDblzRjTjAR8=,1tT1EAJ1Bod9xi1C93MqHFpwHog=
70,17,ML6P6eJf94+6sJADDblzRjTjAR8=,1tT1EAJ1Bod9xi1C93MqHFpwHog=
73,30,jE37MbQIb0YdVZ3s9TfiIegflOY=,1tT1EAJ1Bod9xi1C93MqHFpwHog=
71,17,ML6P6eJf94+6sJADDblzRjTjAR8=,1tT1EAJ1Bod9xi1C93MqHFpwHog=
72,17,ML6P6eJf94+6sJADDblzRjTjAR8=,1tT1EAJ1Bod9xi1C93MqHFpwHog=
72,30,jE37MbQIb0YdVZ3s9TfiIegflOY=,1tT1EAJ1Bod9xi1C93MqHFpwHog=
73,17,ML6P6eJf94+6sJADDblzRjTjAR8=,1tT1EAJ1Bod9xi1C93MqHFpwHog=
76,30,jE37MbQIb0YdVZ3s9TfiIegflOY=,1tT1EAJ1Bod9xi1C93MqHFpwHog=
71,30,jE37MbQIb0YdVZ3s9TfiIegflOY=,1tT1EAJ1Bod9xi1C93MqHFpwHog=
69,30,jE37MbQIb0YdVZ3s9TfiIegflOY=,1tT1EAJ1Bod9xi1C93MqHFpwHog=
68,30,jE37MbQIb0YdVZ3s9TfiIegflOY=,1tT1EAJ1Bod9xi1C93MqHFpwHog=
67,30,jE37MbQIb0YdVZ3s9TfiIegflOY=,1tT1EAJ1Bod9xi1C93MqHFpwHog=
66,30,jE37MbQIb0YdVZ3s9TfiIegflOY=,1tT1EAJ1Bod9xi1C93MqHFpwHog=
65,30,ML6P6eJf94+6sJADDblzRjTjAR8=,1tT1EAJ1Bod9xi1C93MqHFpwHog=
74,17,ML6P6eJf94+6sJADDblzRjTjAR8=,1tT1EAJ1Bod9xi1C93MqHFpwHog=
70,30,ML6P6eJf94+6sJADDblzRjTjAR8=,1tT1EAJ1Bod9xi1C93MqHFpwHog=
64,30,jE37MbQIb0YdVZ3s9TfiIegflOY=,1tT1EAJ1Bod9xi1C93MqHFpwHog=
77,16,jE37MbQIb0YdVZ3s9TfiIegflOY=,1tT1EAJ1Bod9xi1C93MqHFpwHog=
75,17,jE37MbQIb0YdVZ3s9TfiIegflOY=,1tT1EAJ1Bod9xi1C93MqHFpwHog=
79,29,jE37MbQIb0YdVZ3s9TfiIegflOY=,1tT1EAJ1Bod9xi1C93MqHFpwHog=
78,29,jE37MbQIb0YdVZ3s9TfiIegflOY=,1tT1EAJ1Bod9xi1C93MqHFpwHog=
76,17,jE37MbQIb0YdVZ3s9TfiIegflOY=,1tT1EAJ1Bod9xi1C93MqHFpwHog=
77,29,jE37MbQIb0YdVZ3s9TfiIegflOY=,1tT1EAJ1Bod9xi1C93MqHFpwHog=
76,29,jE37MbQIb0YdVZ3s9TfiIegflOY=,1tT1EAJ1Bod9xi1C93MqHFpwHog=
77,17,jE37MbQIb0YdVZ3s9TfiIegflOY=,1tT1EAJ1Bod9xi1C93MqHFpwHog=
74,29,jE37MbQIb0YdVZ3s9TfiIegflOY=,1tT1EAJ1Bod9xi1C93MqHFpwHog=
73,29,ML6P6eJf94+6sJADDblzRjTjAR8=,1tT1EAJ1Bod9xi1C93MqHFpwHog=
78,17,jE37MbQIb0YdVZ3s9TfiIegflOY=,1tT1EAJ1Bod9xi1C93MqHFpwHog=
75,29,jE37MbQIb0YdVZ3s9TfiIegflOY=,1tT1EAJ1Bod9xi1C93MqHFpwHog=
71,29,jE37MbQIb0YdVZ3s9TfiIegflOY=,1tT1EAJ1Bod9xi1C93MqHFpwHog=
72,29,jE37MbQIb0YdVZ3s9TfiIegflOY=,1tT1EAJ1Bod9xi1C93MqHFpwHog=
69,29,jE37MbQIb0YdVZ3s9TfiIegflOY=,1tT1EAJ1Bod9xi1C93MqHFpwHog=
68,29,jE37MbQIb0YdVZ3s9TfiIegflOY=,1tT1EAJ1Bod9xi1C93MqHFpwHog=
79,17,jE37MbQIb0YdVZ3s9TfiIegflOY=,1tT1EAJ1Bod9xi1C93MqHFpwHog=
67,29,jE37MbQIb0YdVZ3s9TfiIegflOY=,1tT1EAJ1Bod9xi1C93MqHFpwHog=
70,29,jE37MbQIb0YdVZ3s9TfiIegflOY=,1tT1EAJ1Bod9xi1C93MqHFpwHog=
64,18,ML6P6eJf94+6sJADDblzRjTjAR8=,1tT1EAJ1Bod9xi1C93MqHFpwHog=
66,29,jE37MbQIb0YdVZ3s9TfiIegflOY=,1tT1EAJ1Bod9xi1C93MqHFpwHog=
65,16,jE37MbQIb0YdVZ3s9TfiIegflOY=,1tT1EAJ1Bod9xi1C93MqHFpwHog=
65,29,jE37MbQIb0YdVZ3s9TfiIegflOY=,1tT1EAJ1Bod9xi1C93MqHFpwHog=
65,18,ML6P6eJf94+6sJADDblzRjTjAR8=,1tT1EAJ1Bod9xi1C93MqHFpwHog=
66,18,ML6P6eJf94+6sJADDblzRjTjAR8=,1tT1EAJ1Bod9xi1C93MqHFpwHog=
67,18,ML6P6eJf94+6sJADDblzRjTjAR8=,1tT1EAJ1Bod9xi1C93MqHFpwHog=
68,18,ML6P6eJf94+6sJADDblzRjTjAR8=,1tT1EAJ1Bod9xi1C93MqHFpwHog=
69,18,ML6P6eJf94+6sJADDblzRjTjAR8=,1tT1EAJ1Bod9xi1C93MqHFpwHog=
70,18,ML6P6eJf94+6sJADDblzRjTjAR8=,1tT1EAJ1Bod9xi1C93MqHFpwHog=
71,18,ML6P6eJf94+6sJADDblzRjTjAR8=,1tT1EAJ1Bod9xi1C93MqHFpwHog=
72,18,ML6P6eJf94+6sJADDblzRjTjAR8=,1tT1EAJ1Bod9xi1C93MqHFpwHog=
73,18,ML6P6eJf94+6sJADDblzRjTjAR8=,1tT1EAJ1Bod9xi1C93MqHFpwHog=
76,16,ML6P6eJf94+6sJADDblzRjTjAR8=,1tT1EAJ1Bod9xi1C93MqHFpwHog=
74,18,ML6P6eJf94+6sJADDblzRjTjAR8=,1tT1EAJ1Bod9xi1C93MqHFpwHog=
79,28,jE37MbQIb0YdVZ3s9TfiIegflOY=,1tT1EAJ1Bod9xi1C93MqHFpwHog=
78,28,jE37MbQIb0YdVZ3s9TfiIegflOY=,1tT1EAJ1Bod9xi1C93MqHFpwHog=
75,18,ML6P6eJf94+6sJADDblzRjTjAR8=,1tT1EAJ1Bod9xi1C93MqHFpwHog=
77,28,jE37MbQIb0YdVZ3s9TfiIegflOY=,1tT1EAJ1Bod9xi1C93MqHFpwHog=
76,28,ML6P6eJf94+6sJADDblzRjTjAR8=,1tT1EAJ1Bod9xi1C93MqHFpwHog=
76,18,ML6P6eJf94+6sJADDblzRjTjAR8=,1tT1EAJ1Bod9xi1C93MqHFpwHog=
77,18,ML6P6eJf94+6sJADDblzRjTjAR8=,1tT1EAJ1Bod9xi1C93MqHFpwHog=
75,28,jE37MbQIb0YdVZ3s9TfiIegflOY=,1tT1EAJ1Bod9xi1C93MqHFpwHog=
74,28,jE37MbQIb0YdVZ3s9TfiIegflOY=,1tT1EAJ1Bod9xi1C93MqHFpwHog=
78,18,ML6P6eJf94+6sJADDblzRjTjAR8=,1tT1EAJ1Bod9xi1C93MqHFpwHog=
79,18,ML6P6eJf94+6sJADDblzRjTjAR8=,1tT1EAJ1Bod9xi1C93MqHFpwHog=
64,19,ML6P6eJf94+6sJADDblzRjTjAR8=,1tT1EAJ1Bod9xi1C93MqHFpwHog=
73,28,ML6P6eJf94+6sJADDblzRjTjAR8=,1tT1EAJ1Bod9xi1C93MqHFpwHog=
64,29,jE37MbQIb0YdVZ3s9TfiIegflOY=,1tT1EAJ1Bod9xi1C93MqHFpwHog=
71,28,ML6P6eJf94+6sJADDblzRjTjAR8=,1tT1EAJ1Bod9xi1C93MqHFpwHog=
70,28,ML6P6eJf94+6sJADDblzRjTjAR8=,1tT1EAJ1Bod9xi1C93MqHFpwHog=
72,28,ML6P6eJf94+6sJADDblzRjTjAR8=,1tT1EAJ1Bod9xi1C93MqHFpwHog=
69,28,ML6P6eJf94+6sJADDblzRjTjAR8=,1tT1EAJ1Bod9xi1C93MqHFpwHog=
68,28,ML6P6eJf94+6sJADDblzRjTjAR8=,1tT1EAJ1Bod9xi1C93MqHFpwHog=
67,28,ML6P6eJf94+6sJADDblzRjTjAR8=,1tT1EAJ1Bod9xi1C93MqHFpwHog=
66,28,ML6P6eJf94+6sJADDblzRjTjAR8=,1tT1EAJ1Bod9xi1C93MqHFpwHog=
65,28,ML6P6eJf94+6sJADDblzRjTjAR8=,1tT1EAJ1Bod9xi1C93MqHFpwHog=
75,16,ML6P6eJf94+6sJADDblzRjTjAR8=,1tT1EAJ1Bod9xi1C93MqHFpwHog=
64,28,ML6P6eJf94+6sJADDblzRjTjAR8=,1tT1EAJ1Bod9xi1C93MqHFpwHog=
79,27,ML6P6eJf94+6sJADDblzRjTjAR8=,1tT1EAJ1Bod9xi1C93MqHFpwHog=
78,27,ML6P6eJf94+6sJADDblzRjTjAR8=,1tT1EAJ1Bod9xi1C93MqHFpwHog=
76,27,ML6P6eJf94+6sJADDblzRjTjAR8=,1tT1EAJ1Bod9xi1C93MqHFpwHog=
66,16,ML6P6eJf94+6sJADDblzRjTjAR8=,1tT1EAJ1Bod9xi1C93MqHFpwHog=
75,27,ML6P6eJf94+6sJADDblzRjTjAR8=,1tT1EAJ1Bod9xi1C93MqHFpwHog=
65,19,ML6P6eJf94+6sJADDblzRjTjAR8=,1tT1EAJ1Bod9xi1C93MqHFpwHog=
66,19,ML6P6eJf94+6sJADDblzRjTjAR8=,1tT1EAJ1Bod9xi1C93MqHFpwHog=
74,27,ML6P6eJf94+6sJADDblzRjTjAR8=,1tT1EAJ1Bod9xi1C93MqHFpwHog=
67,19,ML6P6eJf94+6sJADDblzRjTjAR8=,1tT1EAJ1Bod9xi1C93MqHFpwHog=
73,27,ML6P6eJf94+6sJADDblzRjTjAR8=,1tT1EAJ1Bod9xi1C93MqHFpwHog=
68,19,ML6P6eJf94+6sJADDblzRjTjAR8=,1tT1EAJ1Bod9xi1C93MqHFpwHog=
72,27,ML6P6eJf94+6sJADDblzRjTjAR8=,1tT1EAJ1Bod9xi1C93MqHFpwHog=
71,27,ML6P6eJf94+6sJADDblzRjTjAR8=,1tT1EAJ1Bod9xi1C93MqHFpwHog=
70,27,ML6P6eJf94+6sJADDblzRjTjAR8=,1tT1EAJ1Bod9xi1C93MqHFpwHog=
69,19,ML6P6eJf94+6sJADDblzRjTjAR8=,1tT1EAJ1Bod9xi1C93MqHFpwHog=
70,19,ML6P6eJf94+6sJADDblzRjTjAR8=,1tT1EAJ1Bod9xi1C93MqHFpwHog=
77,27,ML6P6eJf94+6sJADDblzRjTjAR8=,1tT1EAJ1Bod9xi1C93MqHFpwHog=
71,19,ML6P6eJf94+6sJADDblzRjTjAR8=,1tT1EAJ1Bod9xi1C93MqHFpwHog=
68,27,ML6P6eJf94+6sJADDblzRjTjAR8=,1tT1EAJ1Bod9xi1C93MqHFpwHog=
72,19,ML6P6eJf94+6sJADDblzRjTjAR8=,1tT1EAJ1Bod9xi1C93MqHFpwHog=
73,19,ML6P6eJf94+6sJADDblzRjTjAR8=,1tT1EAJ1Bod9xi1C93MqHFpwHog=
67,27,ML6P6eJf94+6sJADDblzRjTjAR8=,1tT1EAJ1Bod9xi1C93MqHFpwHog=
66,27,ML6P6eJf94+6sJADDblzRjTjAR8=,1tT1EAJ1Bod9xi1C93MqHFpwHog=
74,19,ML6P6eJf94+6sJADDblzRjTjAR8=,1tT1EAJ1Bod9xi1C93MqHFpwHog=
65,27,ML6P6eJf94+6sJADDblzRjTjAR8=,1tT1EAJ1Bod9xi1C93MqHFpwHog=
75,19,ML6P6eJf94+6sJADDblzRjTjAR8=,1tT1EAJ1Bod9xi1C93MqHFpwHog=
74,16,ML6P6eJf94+6sJADDblzRjTjAR8=,1tT1EAJ1Bod9xi1C93MqHFpwHog=
64,27,ML6P6eJf94+6sJADDblzRjTjAR8=,1tT1EAJ1Bod9xi1C93MqHFpwHog=
76,19,ML6P6eJf94+6sJADDblzRjTjAR8=,1tT1EAJ1Bod9xi1C93MqHFpwHog=
77,19,ML6P6eJf94+6sJADDblzRjTjAR8=,1tT1EAJ1Bod9xi1C93MqHFpwHog=
78,19,ML6P6eJf94+6sJADDblzRjTjAR8=,1tT1EAJ1Bod9xi1C93MqHFpwHog=
69,27,ML6P6eJf94+6sJADDblzRjTjAR8=,1tT1EAJ1Bod9xi1C93MqHFpwHog=
78,26,ML6P6eJf94+6sJADDblzRjTjAR8=,1tT1EAJ1Bod9xi1C93MqHFpwHog=
79,19,ML6P6eJf94+6sJADDblzRjTjAR8=,1tT1EAJ1Bod9xi1C93MqHFpwHog=
79,26,ML6P6eJf94+6sJADDblzRjTjAR8=,1tT1EAJ1Bod9xi1C93MqHFpwHog=
77,26,ML6P6eJf94+6sJADDblzRjTjAR8=,1tT1EAJ1Bod9xi1C93MqHFpwHog=
75,26,ML6P6eJf94+6sJADDblzRjTjAR8=,1tT1EAJ1Bod9xi1C93MqHFpwHog=
64,20,ML6P6eJf94+6sJADDblzRjTjAR8=,1tT1EAJ1Bod9xi1C93MqHFpwHog=
74,26,ML6P6eJf94+6sJADDblzRjTjAR8=,1tT1EAJ1Bod9xi1C93MqHFpwHog=
76,26,ML6P6eJf94+6sJADDblzRjTjAR8=,1tT1EAJ1Bod9xi1C93MqHFpwHog=
67,16,ML6P6eJf94+6sJADDblzRjTjAR8=,1tT1EAJ1Bod9xi1C93MqHFpwHog=
71,26,ML6P6eJf94+6sJADDblzRjTjAR8=,1tT1EAJ1Bod9xi1C93MqHFpwHog=
72,26,ML6P6eJf94+6sJADDblzRjTjAR8=,1tT1EAJ1Bod9xi1C93MqHFpwHog=
73,26,ML6P6eJf94+6sJADDblzRjTjAR8=,1tT1EAJ1Bod9xi1C93MqHFpwHog=
70,26,ML6P6eJf94+6sJADDblzRjTjAR8=,1tT1EAJ1Bod9xi1C93MqHFpwHog=
65,20,ML6P6eJf94+6sJADDblzRjTjAR8=,1tT1EAJ1Bod9xi1C93MqHFpwHog=
69,26,ML6P6eJf94+6sJADDblzRjTjAR8=,1tT1EAJ1Bod9xi1C93MqHFpwHog=
68,26,ML6P6eJf94+6sJADDblzRjTjAR8=,1tT1EAJ1Bod9xi1C93MqHFpwHog=
67,26,ML6P6eJf94+6sJADDblzRjTjAR8=,1tT1EAJ1Bod9xi1C93MqHFpwHog=
66,26,ML6P6eJf94+6sJADDblzRjTjAR8=,1tT1EAJ1Bod9xi1C93MqHFpwHog=
65,26,ML6P6eJf94+6sJADDblzRjTjAR8=,1tT1EAJ1Bod9xi1C93MqHFpwHog=
73,16,ML6P6eJf94+6sJADDblzRjTjAR8=,1tT1EAJ1Bod9xi1C93MqHFpwHog=
79,25,ML6P6eJf94+6sJADDblzRjTjAR8=,1tT1EAJ1Bod9xi1C93MqHFpwHog=
64,26,ML6P6eJf94+6sJADDblzRjTjAR8=,1tT1EAJ1Bod9xi1C93MqHFpwHog=
78,25,ML6P6eJf94+6sJADDblzRjTjAR8=,1tT1EAJ1Bod9xi1C93MqHFpwHog=
77,25,ML6P6eJf94+6sJADDblzRjTjAR8=,1tT1EAJ1Bod9xi1C93MqHFpwHog=
75,25,ML6P6eJf94+6sJADDblzRjTjAR8=,1tT1EAJ1Bod9xi1C93MqHFpwHog=
74,25,ML6P6eJf94+6sJADDblzRjTjAR8=,1tT1EAJ1Bod9xi1C93MqHFpwHog=
73,25,ML6P6eJf94+6sJADDblzRjTjAR8=,1tT1EAJ1Bod9xi1C93MqHFpwHog=
72,25,ML6P6eJf94+6sJADDblzRjTjAR8=,1tT1EAJ1Bod9xi1C93MqHFpwHog=
71,25,ML6P6eJf94+6sJADDblzRjTjAR8=,1tT1EAJ1Bod9xi1C93MqHFpwHog=
70,25,ML6P6eJf94+6sJADDblzRjTjAR8=,1tT1EAJ1Bod9xi1C93MqHFpwHog=
69,25,ML6P6eJf94+6sJADDblzRjTjAR8=,1tT1EAJ1Bod9xi1C93MqHFpwHog=
76,25,ML6P6eJf94+6sJADDblzRjTjAR8=,1tT1EAJ1Bod9xi1C93MqHFpwHog=
68,25,ML6P6eJf94+6sJADDblzRjTjAR8=,1tT1EAJ1Bod9xi1C93MqHFpwHog=
67,25,ML6P6eJf94+6sJADDblzRjTjAR8=,1tT1EAJ1Bod9xi1C93MqHFpwHog=
66,25,ML6P6eJf94+6sJADDblzRjTjAR8=,1tT1EAJ1Bod9xi1C93MqHFpwHog=
72,16,ML6P6eJf94+6sJADDblzRjTjAR8=,1tT1EAJ1Bod9xi1C93MqHFpwHog=
65,25,ML6P6eJf94+6sJADDblzRjTjAR8=,1tT1EAJ1Bod9xi1C93MqHFpwHog=
64,25,ML6P6eJf94+6sJADDblzRjTjAR8=,1tT1EAJ1Bod9xi1C93MqHFpwHog=
79,24,ML6P6eJf94+6sJADDblzRjTjAR8=,1tT1EAJ1Bod9xi1C93MqHFpwHog=
78,24,ML6P6eJf94+6sJADDblzRjTjAR8=,1tT1EAJ1Bod9xi1C93MqHFpwHog=
77,24,ML6P6eJf94+6sJADDblzRjTjAR8=,1tT1EAJ1Bod9xi1C93MqHFpwHog=
76,24,ML6P6eJf94+6sJADDblzRjTjAR8=,1tT1EAJ1Bod9xi1C93MqHFpwHog=
74,24,ML6P6eJf94+6sJADDblzRjTjAR8=,1tT1EAJ1Bod9xi1C93MqHFpwHog=
73,24,ML6P6eJf94+6sJADDblzRjTjAR8=,1tT1EAJ1Bod9xi1C93MqHFpwHog=
72,24,ML6P6eJf94+6sJADDblzRjTjAR8=,1tT1EAJ1Bod9xi1C93MqHFpwHog=
75,24,ML6P6eJf94+6sJADDblzRjTjAR8=,1tT1EAJ1Bod9xi1C93MqHFpwHog=
66,20,ML6P6eJf94+6sJADDblzRjTjAR8=,1tT1EAJ1Bod9xi1C93MqHFpwHog=
70,24,ML6P6eJf94+6sJADDblzRjTjAR8=,1tT1EAJ1Bod9xi1C93MqHFpwHog=
69,24,ML6P6eJf94+6sJADDblzRjTjAR8=,1tT1EAJ1Bod9xi1C93MqHFpwHog=
68,24,ML6P6eJf94+6sJADDblzRjTjAR8=,1tT1EAJ1Bod9xi1C93MqHFpwHog=
67,20,ML6P6eJf94+6sJADDblzRjTjAR8=,1tT1EAJ1Bod9xi1C93MqHFpwHog=
67,24,ML6P6eJf94+6sJADDblzRjTjAR8=,1tT1EAJ1Bod9xi1C93MqHFpwHog=
68,20,ML6P6eJf94+6sJADDblzRjTjAR8=,1tT1EAJ1Bod9xi1C93MqHFpwHog=
66,24,ML6P6eJf94+6sJADDblzRjTjAR8=,1tT1EAJ1Bod9xi1C93MqHFpwHog=
69,20,ML6P6eJf94+6sJADDblzRjTjAR8=,1tT1EAJ1Bod9xi1C93MqHFpwHog=
65,24,ML6P6eJf94+6sJADDblzRjTjAR8=,1tT1EAJ1Bod9xi1C93MqHFpwHog=
70,20,ML6P6eJf94+6sJADDblzRjTjAR8=,1tT1EAJ1Bod9xi1C93MqHFpwHog=
71,16,ML6P6eJf94+6sJADDblzRjTjAR8=,1tT1EAJ1Bod9xi1C93MqHFpwHog=
64,24,ML6P6eJf94+6sJADDblzRjTjAR8=,1tT1EAJ1Bod9xi1C93MqHFpwHog=
71,20,ML6P6eJf94+6sJADDblzRjTjAR8=,1tT1EAJ1Bod9xi1C93MqHFpwHog=
71,24,ML6P6eJf94+6sJADDblzRjTjAR8=,1tT1EAJ1Bod9xi1C93MqHFpwHog=
79,23,ML6P6eJf94+6sJADDblzRjTjAR8=,1tT1EAJ1Bod9xi1C93MqHFpwHog=
77,23,ML6P6eJf94+6sJADDblzRjTjAR8=,1tT1EAJ1Bod9xi1C93MqHFpwHog=
78,23,ML6P6eJf94+6sJADDblzRjTjAR8=,1tT1EAJ1Bod9xi1C93MqHFpwHog=
76,23,ML6P6eJf94+6sJADDblzRjTjAR8=,1tT1EAJ1Bod9xi1C93MqHFpwHog=
74,23,ML6P6eJf94+6sJADDblzRjTjAR8=,1tT1EAJ1Bod9xi1C93MqHFpwHog=
73,23,ML6P6eJf94+6sJADDblzRjTjAR8=,1tT1EAJ1Bod9xi1C93MqHFpwHog=
72,23,ML6P6eJf94+6sJADDblzRjTjAR8=,1tT1EAJ1Bod9xi1C93MqHFpwHog=
71,23,ML6P6eJf94+6sJADDblzRjTjAR8=,1tT1EAJ1Bod9xi1C93MqHFpwHog=
70,23,ML6P6eJf94+6sJADDblzRjTjAR8=,1tT1EAJ1Bod9xi1C93MqHFpwHog=
75,23,ML6P6eJf94+6sJADDblzRjTjAR8=,1tT1EAJ1Bod9xi1C93MqHFpwHog=
69,23,ML6P6eJf94+6sJADDblzRjTjAR8=,1tT1EAJ1Bod9xi1C93MqHFpwHog=
68,23,ML6P6eJf94+6sJADDblzRjTjAR8=,1tT1EAJ1Bod9xi1C93MqHFpwHog=
67,23,ML6P6eJf94+6sJADDblzRjTjAR8=,1tT1EAJ1Bod9xi1C93MqHFpwHog=
65,23,ML6P6eJf94+6sJADDblzRjTjAR8=,1tT1EAJ1Bod9xi1C93MqHFpwHog=
66,23,ML6P6eJf94+6sJADDblzRjTjAR8=,1tT1EAJ1Bod9xi1C93MqHFpwHog=
64,23,ML6P6eJf94+6sJADDblzRjTjAR8=,1tT1EAJ1Bod9xi1C93MqHFpwHog=
70,16,ML6P6eJf94+6sJADDblzRjTjAR8=,1tT1EAJ1Bod9xi1C93MqHFpwHog=
79,22,ML6P6eJf94+6sJADDblzRjTjAR8=,1tT1EAJ1Bod9xi1C93MqHFpwHog=
78,22,ML6P6eJf94+6sJADDblzRjTjAR8=,1tT1EAJ1Bod9xi1C93MqHFpwHog=
72,20,ML6P6eJf94+6sJADDblzRjTjAR8=,1tT1EAJ1Bod9xi1C93MqHFpwHog=
73,20,ML6P6eJf94+6sJADDblzRjTjAR8=,1tT1EAJ1Bod9xi1C93MqHFpwHog=
74,20,ML6P6eJf94+6sJADDblzRjTjAR8=,1tT1EAJ1Bod9xi1C93MqHFpwHog=
75,20,ML6P6eJf94+6sJADDblzRjTjAR8=,1tT1EAJ1Bod9xi1C93MqHFpwHog=
76,20,ML6P6eJf94+6sJADDblzRjTjAR8=,1tT1EAJ1Bod9xi1C93MqHFpwHog=
77,22,ML6P6eJf94+6sJADDblzRjTjAR8=,1tT1EAJ1Bod9xi1C93MqHFpwHog=
75,22,ML6P6eJf94+6sJADDblzRjTjAR8=,1tT1EAJ1Bod9xi1C93MqHFpwHog=
74,22,ML6P6eJf94+6sJADDblzRjTjAR8=,1tT1EAJ1Bod9xi1C93MqHFpwHog=
77,20,ML6P6eJf94+6sJADDblzRjTjAR8=,1tT1EAJ1Bod9xi1C93MqHFpwHog=
73,22,ML6P6eJf94+6sJADDblzRjTjAR8=,1tT1EAJ1Bod9xi1C93MqHFpwHog=
72,22,ML6P6eJf94+6sJADDblzRjTjAR8=,1tT1EAJ1Bod9xi1C93MqHFpwHog=
71,22,ML6P6eJf94+6sJADDblzRjTjAR8=,1tT1EAJ1Bod9xi1C93MqHFpwHog=
70,22,ML6P6eJf94+6sJADDblzRjTjAR8=,1tT1EAJ1Bod9xi1C93MqHFpwHog=
69,22,ML6P6eJf94+6sJADDblzRjTjAR8=,1tT1EAJ1Bod9xi1C93MqHFpwHog=
78,20,ML6P6eJf94+6sJADDblzRjTjAR8=,1tT1EAJ1Bod9xi1C93MqHFpwHog=
68,22,ML6P6eJf94+6sJADDblzRjTjAR8=,1tT1EAJ1Bod9xi1C93MqHFpwHog=
76,22,ML6P6eJf94+6sJADDblzRjTjAR8=,1tT1EAJ1Bod9xi1C93MqHFpwHog=
79,20,ML6P6eJf94+6sJADDblzRjTjAR8=,1tT1EAJ1Bod9xi1C93MqHFpwHog=
67,22,ML6P6eJf94+6sJADDblzRjTjAR8=,1tT1EAJ1Bod9xi1C93MqHFpwHog=
65,22,ML6P6eJf94+6sJADDblzRjTjAR8=,1tT1EAJ1Bod9xi1C93MqHFpwHog=
64,21,ML6P6eJf94+6sJADDblzRjTjAR8=,1tT1EAJ1Bod9xi1C93MqHFpwHog=
69,16,ML6P6eJf94+6sJADDblzRjTjAR8=,1tT1EAJ1Bod9xi1C93MqHFpwHog=
64,22,ML6P6eJf94+6sJADDblzRjTjAR8=,1tT1EAJ1Bod9xi1C93MqHFpwHog=
68,16,ML6P6eJf94+6sJADDblzRjTjAR8=,1tT1EAJ1Bod9xi1C93MqHFpwHog=
66,22,ML6P6eJf94+6sJADDblzRjTjAR8=,1tT1EAJ1Bod9xi1C93MqHFpwHog=
65,21,ML6P6eJf94+6sJADDblzRjTjAR8=,1tT1EAJ1Bod9xi1C93MqHFpwHog=
79,21,ML6P6eJf94+6sJADDblzRjTjAR8=,1tT1EAJ1Bod9xi1C93MqHFpwHog=
78,21,ML6P6eJf94+6sJADDblzRjTjAR8=,1tT1EAJ1Bod9xi1C93MqHFpwHog=
66,21,ML6P6eJf94+6sJADDblzRjTjAR8=,1tT1EAJ1Bod9xi1C93MqHFpwHog=
77,21,ML6P6eJf94+6sJADDblzRjTjAR8=,1tT1EAJ1Bod9xi1C93MqHFpwHog=
76,21,ML6P6eJf94+6sJADDblzRjTjAR8=,1tT1EAJ1Bod9xi1C93MqHFpwHog=
67,21,ML6P6eJf94+6sJADDblzRjTjAR8=,1tT1EAJ1Bod9xi1C93MqHFpwHog=
75,21,ML6P6eJf94+6sJADDblzRjTjAR8=,1tT1EAJ1Bod9xi1C93MqHFpwHog=
73,21,ML6P6eJf94+6sJADDblzRjTjAR8=,1tT1EAJ1Bod9xi1C93MqHFpwHog=
74,21,ML6P6eJf94+6sJADDblzRjTjAR8=,1tT1EAJ1Bod9xi1C93MqHFpwHog=
71,21,ML6P6eJf94+6sJADDblzRjTjAR8=,1tT1EAJ1Bod9xi1C93MqHFpwHog=
68,21,ML6P6eJf94+6sJADDblzRjTjAR8=,1tT1EAJ1Bod9xi1C93MqHFpwHog=
72,21,ML6P6eJf94+6sJADDblzRjTjAR8=,1tT1EAJ1Bod9xi1C93MqHFpwHog=
70,21,ML6P6eJf94+6sJADDblzRjTjAR8=,1tT1EAJ1Bod9xi1C93MqHFpwHog=
69,21,ML6P6eJf94+6sJADDblzRjTjAR8=,1tT1EAJ1Bod9xi1C93MqHFpwHog=
95,31,ML6P6eJf94+6sJADDblzRjTjAR8=,1tT1EAJ1Bod9xi1C93MqHFpwHog=
80,17,ML6P6eJf94+6sJADDblzRjTjAR8=,1tT1EAJ1Bod9xi1C93MqHFpwHog=
94,16,ML6P6eJf94+6sJADDblzRjTjAR8=,1tT1EAJ1Bod9xi1C93MqHFpwHog=
95,16,ML6P6eJf94+6sJADDblzRjTjAR8=,1tT1EAJ1Bod9xi1C93MqHFpwHog=
93,16,ML6P6eJf94+6sJADDblzRjTjAR8=,1tT1EAJ1Bod9xi1C93MqHFpwHog=
92,16,ML6P6eJf94+6sJADDblzRjTjAR8=,1tT1EAJ1Bod9xi1C93MqHFpwHog=
91,16,ML6P6eJf94+6sJADDblzRjTjAR8=,1tT1EAJ1Bod9xi1C93MqHFpwHog=
90,16,ML6P6eJf94+6sJADDblzRjTjAR8=,1tT1EAJ1Bod9xi1C93MqHFpwHog=
89,16,ML6P6eJf94+6sJADDblzRjTjAR8=,1tT1EAJ1Bod9xi1C93MqHFpwHog=
88,16,ML6P6eJf94+6sJADDblzRjTjAR8=,1tT1EAJ1Bod9xi1C93MqHFpwHog=
87,16,ML6P6eJf94+6sJADDblzRjTjAR8=,1tT1EAJ1Bod9xi1C93MqHFpwHog=
86,16,ML6P6eJf94+6sJADDblzRjTjAR8=,1tT1EAJ1Bod9xi1C93MqHFpwHog=
85,16,ML6P6eJf94+6sJADDblzRjTjAR8=,1tT1EAJ1Bod9xi1C93MqHFpwHog=
81,17,ML6P6eJf94+6sJADDblzRjTjAR8=,1tT1EAJ1Bod9xi1C93MqHFpwHog=
94,31,ML6P6eJf94+6sJADDblzRjTjAR8=,1tT1EAJ1Bod9xi1C93MqHFpwHog=
83,16,ML6P6eJf94+6sJADDblzRjTjAR8=,1tT1EAJ1Bod9xi1C93MqHFpwHog=
82,17,ML6P6eJf94+6sJADDblzRjTjAR8=,1tT1EAJ1Bod9xi1C93MqHFpwHog=
81,16,ML6P6eJf94+6sJADDblzRjTjAR8=,1tT1EAJ1Bod9xi1C93MqHFpwHog=
83,17,ML6P6eJf94+6sJADDblzRjTjAR8=,1tT1EAJ1Bod9xi1C93MqHFpwHog=
93,31,ML6P6eJf94+6sJADDblzRjTjAR8=,1tT1EAJ1Bod9xi1C93MqHFpwHog=
84,17,ML6P6eJf94+6sJADDblzRjTjAR8=,1tT1EAJ1Bod9xi1C93MqHFpwHog=
84,16,ML6P6eJf94+6sJADDblzRjTjAR8=,1tT1EAJ1Bod9xi1C93MqHFpwHog=
85,17,ML6P6eJf94+6sJADDblzRjTjAR8=,1tT1EAJ1Bod9xi1C93MqHFpwHog=
82,16,ML6P6eJf94+6sJADDblzRjTjAR8=,1tT1EAJ1Bod9xi1C93MqHFpwHog=
92,31,ML6P6eJf94+6sJADDblzRjTjAR8=,1tT1EAJ1Bod9xi1C93MqHFpwHog=
91,31,ML6P6eJf94+6sJADDblzRjTjAR8=,1tT1EAJ1Bod9xi1C93MqHFpwHog=
80,16,ML6P6eJf94+6sJADDblzRjTjAR8=,1tT1EAJ1Bod9xi1C93MqHFpwHog=
88,31,ML6P6eJf94+6sJADDblzRjTjAR8=,1tT1EAJ1Bod9xi1C93MqHFpwHog=
87,31,ML6P6eJf94+6sJADDblzRjTjAR8=,1tT1EAJ1Bod9xi1C93MqHFpwHog=
86,31,ML6P6eJf94+6sJADDblzRjTjAR8=,1tT1EAJ1Bod9xi1C93MqHFpwHog=
85,31,ML6P6eJf94+6sJADDblzRjTjAR8=,1tT1EAJ1Bod9xi1C93MqHFpwHog=
90,31,ML6P6eJf94+6sJADDblzRjTjAR8=,1tT1EAJ1Bod9xi1C93MqHFpwHog=
83,31,ML6P6eJf94+6sJADDblzRjTjAR8=,1tT1EAJ1Bod9xi1C93MqHFpwHog=
89,31,ML6P6eJf94+6sJADDblzRjTjAR8=,1tT1EAJ1Bod9xi1C93MqHFpwHog=
84,31,ML6P6eJf94+6sJADDblzRjTjAR8=,1tT1EAJ1Bod9xi1C93MqHFpwHog=
82,31,ML6P6eJf94+6sJADDblzRjTjAR8=,1tT1EAJ1Bod9xi1C93MqHFpwHog=
80,31,ML6P6eJf94+6sJADDblzRjTjAR8=,1tT1EAJ1Bod9xi1C93MqHFpwHog=
95,30,ML6P6eJf94+6sJADDblzRjTjAR8=,1tT1EAJ1Bod9xi1C93MqHFpwHog=
94,30,ML6P6eJf94+6sJADDblzRjTjAR8=,1tT1EAJ1Bod9xi1C93MqHFpwHog=
93,30,ML6P6eJf94+6sJADDblzRjTjAR8=,1tT1EAJ1Bod9xi1C93MqHFpwHog=
92,30,ML6P6eJf94+6sJADDblzRjTjAR8=,1tT1EAJ1Bod9xi1C93MqHFpwHog=
90,30,ML6P6eJf94+6sJADDblzRjTjAR8=,1tT1EAJ1Bod9xi1C93MqHFpwHog=
89,30,ML6P6eJf94+6sJADDblzRjTjAR8=,1tT1EAJ1Bod9xi1C93MqHFpwHog=
88,30,ML6P6eJf94+6sJADDblzRjTjAR8=,1tT1EAJ1Bod9xi1C93MqHFpwHog=
91,30,ML6P6eJf94+6sJADDblzRjTjAR8=,1tT1EAJ1Bod9xi1C93MqHFpwHog=
87,30,ML6P6eJf94+6sJADDblzRjTjAR8=,1tT1EAJ1Bod9xi1C93MqHFpwHog=
85,30,ML6P6eJf94+6sJADDblzRjTjAR8=,1tT1EAJ1Bod9xi1C93MqHFpwHog=
81,31,ML6P6eJf94+6sJADDblzRjTjAR8=,1tT1EAJ1Bod9xi1C93MqHFpwHog=
86,30,ML6P6eJf94+6sJADDblzRjTjAR8=,1tT1EAJ1Bod9xi1C93MqHFpwHog=
82,30,ML6P6eJf94+6sJADDblzRjTjAR8=,1tT1EAJ1Bod9xi1C93MqHFpwHog=
81,30,ML6P6eJf94+6sJADDblzRjTjAR8=,1tT1EAJ1Bod9xi1C93MqHFpwHog=
84,30,ML6P6eJf94+6sJADDblzRjTjAR8=,1tT1EAJ1Bod9xi1C93MqHFpwHog=
83,30,ML6P6eJf94+6sJADDblzRjTjAR8=,1tT1EAJ1Bod9xi1C93MqHFpwHog=
80,30,ML6P6eJf94+6sJADDblzRjTjAR8=,1tT1EAJ1Bod9xi1C93MqHFpwHog=
95,29,ML6P6eJf94+6sJADDblzRjTjAR8=,1tT1EAJ1Bod9xi1C93MqHFpwHog=
94,29,ML6P6eJf94+6sJADDblzRjTjAR8=,1tT1EAJ1Bod9xi1C93MqHFpwHog=
93,29,ML6P6eJf94+6sJADDblzRjTjAR8=,1tT1EAJ1Bod9xi1C93MqHFpwHog=
92,29,ML6P6eJf94+6sJADDblzRjTjAR8=,1tT1EAJ1Bod9xi1C93MqHFpwHog=
89,29,ML6P6eJf94+6sJADDblzRjTjAR8=,1tT1EAJ1Bod9xi1C93MqHFpwHog=
88,29,ML6P6eJf94+6sJADDblzRjTjAR8=,1tT1EAJ1Bod9xi1C93MqHFpwHog=
90,29,ML6P6eJf94+6sJADDblzRjTjAR8=,1tT1EAJ1Bod9xi1C93MqHFpwHog=
91,29,ML6P6eJf94+6sJADDblzRjTjAR8=,1tT1EAJ1Bod9xi1C93MqHFpwHog=
87,29,ML6P6eJf94+6sJADDblzRjTjAR8=,1tT1EAJ1Bod9xi1C93MqHFpwHog=
85,29,ML6P6eJf94+6sJADDblzRjTjAR8=,1tT1EAJ1Bod9xi1C93MqHFpwHog=
86,29,ML6P6eJf94+6sJADDblzRjTjAR8=,1tT1EAJ1Bod9xi1C93MqHFpwHog=
84,29,ML6P6eJf94+6sJADDblzRjTjAR8=,1tT1EAJ1Bod9xi1C93MqHFpwHog=
81,29,ML6P6eJf94+6sJADDblzRjTjAR8=,1tT1EAJ1Bod9xi1C93MqHFpwHog=
82,29,ML6P6eJf94+6sJADDblzRjTjAR8=,1tT1EAJ1Bod9xi1C93MqHFpwHog=
80,29,ML6P6eJf94+6sJADDblzRjTjAR8=,1tT1EAJ1Bod9xi1C93MqHFpwHog=
94,28,ML6P6eJf94+6sJADDblzRjTjAR8=,1tT1EAJ1Bod9xi1C93MqHFpwHog=
83,29,ML6P6eJf94+6sJADDblzRjTjAR8=,1tT1EAJ1Bod9xi1C93MqHFpwHog=
95,28,ML6P6eJf94+6sJADDblzRjTjAR8=,1tT1EAJ1Bod9xi1C93MqHFpwHog=
92,28,ML6P6eJf94+6sJADDblzRjTjAR8=,1tT1EAJ1Bod9xi1C93MqHFpwHog=
90,28,ML6P6eJf94+6sJADDblzRjTjAR8=,1tT1EAJ1Bod9xi1C93MqHFpwHog=
89,28,ML6P6eJf94+6sJADDblzRjTjAR8=,1tT1EAJ1Bod9xi1C93MqHFpwHog=
91,28,ML6P6eJf94+6sJADDblzRjTjAR8=,1tT1EAJ1Bod9xi1C93MqHFpwHog=
87,28,ML6P6eJf94+6sJADDblzRjTjAR8=,1tT1EAJ1Bod9xi1C93MqHFpwHog=
88,28,ML6P6eJf94+6sJADDblzRjTjAR8=,1tT1EAJ1Bod9xi1C93MqHFpwHog=
93,28,ML6P6eJf94+6sJADDblzRjTjAR8=,1tT1EAJ1Bod9xi1C93MqHFpwHog=
86,28,ML6P6eJf94+6sJADDblzRjTjAR8=,1tT1EAJ1Bod9xi1C93MqHFpwHog=
84,28,ML6P6eJf94+6sJADDblzRjTjAR8=,1tT1EAJ1Bod9xi1C93MqHFpwHog=
85,28,ML6P6eJf94+6sJADDblzRjTjAR8=,1tT1EAJ1Bod9xi1C93MqHFpwHog=
83,28,ML6P6eJf94+6sJADDblzRjTjAR8=,1tT1EAJ1Bod9xi1C93MqHFpwHog=
82,28,ML6P6eJf94+6sJADDblzRjTjAR8=,1tT1EAJ1Bod9xi1C93MqHFpwHog=
95,27,ML6P6eJf94+6sJADDblzRjTjAR8=,1tT1EAJ1Bod9xi1C93MqHFpwHog=
80,28,ML6P6eJf94+6sJADDblzRjTjAR8=,1tT1EAJ1Bod9xi1C93MqHFpwHog=
81,28,ML6P6eJf94+6sJADDblzRjTjAR8=,1tT1EAJ1Bod9xi1C93MqHFpwHog=
93,27,ML6P6eJf94+6sJADDblzRjTjAR8=,1tT1EAJ1Bod9xi1C93MqHFpwHog=
94,27,ML6P6eJf94+6sJADDblzRjTjAR8=,1tT1EAJ1Bod9xi1C93MqHFpwHog=
90,27,ML6P6eJf94+6sJADDblzRjTjAR8=,1tT1EAJ1Bod9xi1C93MqHFpwHog=
89,27,ML6P6eJf94+6sJADDblzRjTjAR8=,1tT1EAJ1Bod9xi1C93MqHFpwHog=
88,27,ML6P6eJf94+6sJADDblzRjTjAR8=,1tT1EAJ1Bod9xi1C93MqHFpwHog=
91,27,ML6P6eJf94+6sJADDblzRjTjAR8=,1tT1EAJ1Bod9xi1C93MqHFpwHog=
92,27,ML6P6eJf94+6sJADDblzRjTjAR8=,1tT1EAJ1Bod9xi1C93MqHFpwHog=
87,27,ML6P6eJf94+6sJADDblzRjTjAR8=,1tT1EAJ1Bod9xi1C93MqHFpwHog=
86,27,ML6P6eJf94+6sJADDblzRjTjAR8=,1tT1EAJ1Bod9xi1C93MqHFpwHog=
84,27,ML6P6eJf94+6sJADDblzRjTjAR8=,1tT1EAJ1Bod9xi1C93MqHFpwHog=
85,27,ML6P6eJf94+6sJADDblzRjTjAR8=,1tT1EAJ1Bod9xi1C93MqHFpwHog=
83,27,ML6P6eJf94+6sJADDblzRjTjAR8=,1tT1EAJ1Bod9xi1C93MqHFpwHog=
82,27,ML6P6eJf94+6sJADDblzRjTjAR8=,1tT1EAJ1Bod9xi1C93MqHFpwHog=
80,27,ML6P6eJf94+6sJADDblzRjTjAR8=,1tT1EAJ1Bod9xi1C93MqHFpwHog=
81,27,ML6P6eJf94+6sJADDblzRjTjAR8=,1tT1EAJ1Bod9xi1C93MqHFpwHog=
95,26,ML6P6eJf94+6sJADDblzRjTjAR8=,1tT1EAJ1Bod9xi1C93MqHFpwHog=
94,26,ML6P6eJf94+6sJADDblzRjTjAR8=,1tT1EAJ1Bod9xi1C93MqHFpwHog=
92,26,ML6P6eJf94+6sJADDblzRjTjAR8=,1tT1EAJ1Bod9xi1C93MqHFpwHog=
89,26,ML6P6eJf94+6sJADDblzRjTjAR8=,1tT1EAJ1Bod9xi1C93MqHFpwHog=
90,26,ML6P6eJf94+6sJADDblzRjTjAR8=,1tT1EAJ1Bod9xi1C93MqHFpwHog=
87,26,ML6P6eJf94+6sJADDblzRjTjAR8=,1tT1EAJ1Bod9xi1C93MqHFpwHog=
93,26,ML6P6eJf94+6sJADDblzRjTjAR8=,1tT1EAJ1Bod9xi1C93MqHFpwHog=
88,26,ML6P6eJf94+6sJADDblzRjTjAR8=,1tT1EAJ1Bod9xi1C93MqHFpwHog=
86,26,ML6P6eJf94+6sJADDblzRjTjAR8=,1tT1EAJ1Bod9xi1C93MqHFpwHog=
84,26,ML6P6eJf94+6sJADDblzRjTjAR8=,1tT1EAJ1Bod9xi1C93MqHFpwHog=
83,26,ML6P6eJf94+6sJADDblzRjTjAR8=,1tT1EAJ1Bod9xi1C93MqHFpwHog=
85,26,ML6P6eJf94+6sJADDblzRjTjAR8=,1tT1EAJ1Bod9xi1C93MqHFpwHog=
82,26,ML6P6eJf94+6sJADDblzRjTjAR8=,1tT1EAJ1Bod9xi1C93MqHFpwHog=
81,26,ML6P6eJf94+6sJADDblzRjTjAR8=,1tT1EAJ1Bod9xi1C93MqHFpwHog=
80,26,ML6P6eJf94+6sJADDblzRjTjAR8=,1tT1EAJ1Bod9xi1C93MqHFpwHog=
95,25,ML6P6eJf94+6sJADDblzRjTjAR8=,1tT1EAJ1Bod9xi1C93MqHFpwHog=
94,25,ML6P6eJf94+6sJADDblzRjTjAR8=,1tT1EAJ1Bod9xi1C93MqHFpwHog=
93,25,ML6P6eJf94+6sJADDblzRjTjAR8=,1tT1EAJ1Bod9xi1C93MqHFpwHog=
92,25,ML6P6eJf94+6sJADDblzRjTjAR8=,1tT1EAJ1Bod9xi1C93MqHFpwHog=
90,25,ML6P6eJf94+6sJADDblzRjTjAR8=,1tT1EAJ1Bod9xi1C93MqHFpwHog=
88,25,ML6P6eJf94+6sJADDblzRjTjAR8=,1tT1EAJ1Bod9xi1C93MqHFpwHog=
87,25,ML6P6eJf94+6sJADDblzRjTjAR8=,1tT1EAJ1Bod9xi1C93MqHFpwHog=
84,25,ML6P6eJf94+6sJADDblzRjTjAR8=,1tT1EAJ1Bod9xi1C93MqHFpwHog=
85,25,ML6P6eJf94+6sJADDblzRjTjAR8=,1tT1EAJ1Bod9xi1C93MqHFpwHog=
86,25,ML6P6eJf94+6sJADDblzRjTjAR8=,1tT1EAJ1Bod9xi1C93MqHFpwHog=
83,25,ML6P6eJf94+6sJADDblzRjTjAR8=,1tT1EAJ1Bod9xi1C93MqHFpwHog=
81,25,ML6P6eJf94+6sJADDblzRjTjAR8=,1tT1EAJ1Bod9xi1C93MqHFpwHog=
80,25,ML6P6eJf94+6sJADDblzRjTjAR8=,1tT1EAJ1Bod9xi1C93MqHFpwHog=
91,25,ML6P6eJf94+6sJADDblzRjTjAR8=,1tT1EAJ1Bod9xi1C93MqHFpwHog=
95,24,ML6P6eJf94+6sJADDblzRjTjAR8=,1tT1EAJ1Bod9xi1C93MqHFpwHog=
93,24,ML6P6eJf94+6sJADDblzRjTjAR8=,1tT1EAJ1Bod9xi1C93MqHFpwHog=
92,24,ML6P6eJf94+6sJADDblzRjTjAR8=,1tT1EAJ1Bod9xi1C93MqHFpwHog=
91,24,ML6P6eJf94+6sJADDblzRjTjAR8=,1tT1EAJ1Bod9xi1C93MqHFpwHog=
90,24,ML6P6eJf94+6sJADDblzRjTjAR8=,1tT1EAJ1Bod9xi1C93MqHFpwHog=
89,24,ML6P6eJf94+6sJADDblzRjTjAR8=,1tT1EAJ1Bod9xi1C93MqHFpwHog=
87,24,ML6P6eJf94+6sJADDblzRjTjAR8=,1tT1EAJ1Bod9xi1C93MqHFpwHog=
88,24,ML6P6eJf94+6sJADDblzRjTjAR8=,1tT1EAJ1Bod9xi1C93MqHFpwHog=
86,24,ML6P6eJf94+6sJADDblzRjTjAR8=,1tT1EAJ1Bod9xi1C93MqHFpwHog=
85,24,ML6P6eJf94+6sJADDblzRjTjAR8=,1tT1EAJ1Bod9xi1C93MqHFpwHog=
94,24,ML6P6eJf94+6sJADDblzRjTjAR8=,1tT1EAJ1Bod9xi1C93MqHFpwHog=
82,25,ML6P6eJf94+6sJADDblzRjTjAR8=,1tT1EAJ1Bod9xi1C93MqHFpwHog=
82,24,ML6P6eJf94+6sJADDblzRjTjAR8=,1tT1EAJ1Bod9xi1C93MqHFpwHog=
83,24,ML6P6eJf94+6sJADDblzRjTjAR8=,1tT1EAJ1Bod9xi1C93MqHFpwHog=
80,24,ML6P6eJf94+6sJADDblzRjTjAR8=,1tT1EAJ1Bod9xi1C93MqHFpwHog=
95,23,ML6P6eJf94+6sJADDblzRjTjAR8=,1tT1EAJ1Bod9xi1C93MqHFpwHog=
94,23,ML6P6eJf94+6sJADDblzRjTjAR8=,1tT1EAJ1Bod9xi1C93MqHFpwHog=
92,23,ML6P6eJf94+6sJADDblzRjTjAR8=,1tT1EAJ1Bod9xi1C93MqHFpwHog=
93,23,ML6P6eJf94+6sJADDblzRjTjAR8=,1tT1EAJ1Bod9xi1C93MqHFpwHog=
91,23,ML6P6eJf94+6sJADDblzRjTjAR8=,1tT1EAJ1Bod9xi1C93MqHFpwHog=
89,23,ML6P6eJf94+6sJADDblzRjTjAR8=,1tT1EAJ1Bod9xi1C93MqHFpwHog=
91,26,ML6P6eJf94+6sJADDblzRjTjAR8=,1tT1EAJ1Bod9xi1C93MqHFpwHog=
88,23,ML6P6eJf94+6sJADDblzRjTjAR8=,1tT1EAJ1Bod9xi1C93MqHFpwHog=
86,23,ML6P6eJf94+6sJADDblzRjTjAR8=,1tT1EAJ1Bod9xi1C93MqHFpwHog=
81,24,ML6P6eJf94+6sJADDblzRjTjAR8=,1tT1EAJ1Bod9xi1C93MqHFpwHog=
87,23,ML6P6eJf94+6sJADDblzRjTjAR8=,1tT1EAJ1Bod9xi1C93MqHFpwHog=
85,23,ML6P6eJf94+6sJADDblzRjTjAR8=,1tT1EAJ1Bod9xi1C93MqHFpwHog=
84,23,ML6P6eJf94+6sJADDblzRjTjAR8=,1tT1EAJ1Bod9xi1C93MqHFpwHog=
81,23,ML6P6eJf94+6sJADDblzRjTjAR8=,1tT1EAJ1Bod9xi1C93MqHFpwHog=
89,25,ML6P6eJf94+6sJADDblzRjTjAR8=,1tT1EAJ1Bod9xi1C93MqHFpwHog=
95,22,ML6P6eJf94+6sJADDblzRjTjAR8=,1tT1EAJ1Bod9xi1C93MqHFpwHog=
80,23,ML6P6eJf94+6sJADDblzRjTjAR8=,1tT1EAJ1Bod9xi1C93MqHFpwHog=
92,22,ML6P6eJf94+6sJADDblzRjTjAR8=,1tT1EAJ1Bod9xi1C93MqHFpwHog=
94,22,ML6P6eJf94+6sJADDblzRjTjAR8=,1tT1EAJ1Bod9xi1C93MqHFpwHog=
91,22,ML6P6eJf94+6sJADDblzRjTjAR8=,1tT1EAJ1Bod9xi1C93MqHFpwHog=
93,22,ML6P6eJf94+6sJADDblzRjTjAR8=,1tT1EAJ1Bod9xi1C93MqHFpwHog=
83,23,ML6P6eJf94+6sJADDblzRjTjAR8=,1tT1EAJ1Bod9xi1C93MqHFpwHog=
89,22,ML6P6eJf94+6sJADDblzRjTjAR8=,1tT1EAJ1Bod9xi1C93MqHFpwHog=
90,23,ML6P6eJf94+6sJADDblzRjTjAR8=,1tT1EAJ1Bod9xi1C93MqHFpwHog=
87,22,ML6P6eJf94+6sJADDblzRjTjAR8=,1tT1EAJ1Bod9xi1C93MqHFpwHog=
88,22,ML6P6eJf94+6sJADDblzRjTjAR8=,1tT1EAJ1Bod9xi1C93MqHFpwHog=
82,22,ML6P6eJf94+6sJADDblzRjTjAR8=,1tT1EAJ1Bod9xi1C93MqHFpwHog=
85,22,ML6P6eJf94+6sJADDblzRjTjAR8=,1tT1EAJ1Bod9xi1C93MqHFpwHog=
82,23,ML6P6eJf94+6sJADDblzRjTjAR8=,1tT1EAJ1Bod9xi1C93MqHFpwHog=
81,22,ML6P6eJf94+6sJADDblzRjTjAR8=,1tT1EAJ1Bod9xi1C93MqHFpwHog=
95,21,ML6P6eJf94+6sJADDblzRjTjAR8=,1tT1EAJ1Bod9xi1C93MqHFpwHog=
93,21,ML6P6eJf94+6sJADDblzRjTjAR8=,1tT1EAJ1Bod9xi1C93MqHFpwHog=
80,22,ML6P6eJf94+6sJADDblzRjTjAR8=,1tT1EAJ1Bod9xi1C93MqHFpwHog=
94,21,ML6P6eJf94+6sJADDblzRjTjAR8=,1tT1EAJ1Bod9xi1C93MqHFpwHog=
90,21,ML6P6eJf94+6sJADDblzRjTjAR8=,1tT1EAJ1Bod9xi1C93MqHFpwHog=
91,21,ML6P6eJf94+6sJADDblzRjTjAR8=,1tT1EAJ1Bod9xi1C93MqHFpwHog=
92,21,ML6P6eJf94+6sJADDblzRjTjAR8=,1tT1EAJ1Bod9xi1C93MqHFpwHog=
88,21,ML6P6eJf94+6sJADDblzRjTjAR8=,1tT1EAJ1Bod9xi1C93MqHFpwHog=
89,21,ML6P6eJf94+6sJADDblzRjTjAR8=,1tT1EAJ1Bod9xi1C93MqHFpwHog=
87,21,ML6P6eJf94+6sJADDblzRjTjAR8=,1tT1EAJ1Bod9xi1C93MqHFpwHog=
84,24,ML6P6eJf94+6sJADDblzRjTjAR8=,1tT1EAJ1Bod9xi1C93MqHFpwHog=
86,21,ML6P6eJf94+6sJADDblzRjTjAR8=,1tT1EAJ1Bod9xi1C93MqHFpwHog=
83,22,ML6P6eJf94+6sJADDblzRjTjAR8=,1tT1EAJ1Bod9xi1C93MqHFpwHog=
84,22,ML6P6eJf94+6sJADDblzRjTjAR8=,1tT1EAJ1Bod9xi1C93MqHFpwHog=
85,21,ML6P6eJf94+6sJADDblzRjTjAR8=,1tT1EAJ1Bod9xi1C93MqHFpwHog=
83,21,ML6P6eJf94+6sJADDblzRjTjAR8=,1tT1EAJ1Bod9xi1C93MqHFpwHog=
81,21,ML6P6eJf94+6sJADDblzRjTjAR8=,1tT1EAJ1Bod9xi1C93MqHFpwHog=
82,21,ML6P6eJf94+6sJADDblzRjTjAR8=,1tT1EAJ1Bod9xi1C93MqHFpwHog=
94,20,ML6P6eJf94+6sJADDblzRjTjAR8=,1tT1EAJ1Bod9xi1C93MqHFpwHog=
95,20,ML6P6eJf94+6sJADDblzRjTjAR8=,1tT1EAJ1Bod9xi1C93MqHFpwHog=
92,20,ML6P6eJf94+6sJADDblzRjTjAR8=,1tT1EAJ1Bod9xi1C93MqHFpwHog=
93,20,ML6P6eJf94+6sJADDblzRjTjAR8=,1tT1EAJ1Bod9xi1C93MqHFpwHog=
91,20,ML6P6eJf94+6sJADDblzRjTjAR8=,1tT1EAJ1Bod9xi1C93MqHFpwHog=
90,20,ML6P6eJf94+6sJADDblzRjTjAR8=,1tT1EAJ1Bod9xi1C93MqHFpwHog=
89,20,ML6P6eJf94+6sJADDblzRjTjAR8=,1tT1EAJ1Bod9xi1C93MqHFpwHog=
87,20,ML6P6eJf94+6sJADDblzRjTjAR8=,1tT1EAJ1Bod9xi1C93MqHFpwHog=
88,20,ML6P6eJf94+6sJADDblzRjTjAR8=,1tT1EAJ1Bod9xi1C93MqHFpwHog=
86,20,ML6P6eJf94+6sJADDblzRjTjAR8=,1tT1EAJ1Bod9xi1C93MqHFpwHog=
84,21,ML6P6eJf94+6sJADDblzRjTjAR8=,1tT1EAJ1Bod9xi1C93MqHFpwHog=
84,20,ML6P6eJf94+6sJADDblzRjTjAR8=,1tT1EAJ1Bod9xi1C93MqHFpwHog=
86,22,ML6P6eJf94+6sJADDblzRjTjAR8=,1tT1EAJ1Bod9xi1C93MqHFpwHog=
82,20,ML6P6eJf94+6sJADDblzRjTjAR8=,1tT1EAJ1Bod9xi1C93MqHFpwHog=
81,20,ML6P6eJf94+6sJADDblzRjTjAR8=,1tT1EAJ1Bod9xi1C93MqHFpwHog=
80,20,ML6P6eJf94+6sJADDblzRjTjAR8=,1tT1EAJ1Bod9xi1C93MqHFpwHog=
93,19,ML6P6eJf94+6sJADDblzRjTjAR8=,1tT1EAJ1Bod9xi1C93MqHFpwHog=
92,19,ML6P6eJf94+6sJADDblzRjTjAR8=,1tT1EAJ1Bod9xi1C93MqHFpwHog=
95,19,ML6P6eJf94+6sJADDblzRjTjAR8=,1tT1EAJ1Bod9xi1C93MqHFpwHog=
94,19,ML6P6eJf94+6sJADDblzRjTjAR8=,1tT1EAJ1Bod9xi1C93MqHFpwHog=
91,19,ML6P6eJf94+6sJADDblzRjTjAR8=,1tT1EAJ1Bod9xi1C93MqHFpwHog=
90,19,ML6P6eJf94+6sJADDblzRjTjAR8=,1tT1EAJ1Bod9xi1C93MqHFpwHog=
88,19,ML6P6eJf94+6sJADDblzRjTjAR8=,1tT1EAJ1Bod9xi1C93MqHFpwHog=
89,19,ML6P6eJf94+6sJADDblzRjTjAR8=,1tT1EAJ1Bod9xi1C93MqHFpwHog=
80,21,ML6P6eJf94+6sJADDblzRjTjAR8=,1tT1EAJ1Bod9xi1C93MqHFpwHog=
86,19,ML6P6eJf94+6sJADDblzRjTjAR8=,1tT1EAJ1Bod9xi1C93MqHFpwHog=
83,19,ML6P6eJf94+6sJADDblzRjTjAR8=,1tT1EAJ1Bod9xi1C93MqHFpwHog=
84,19,ML6P6eJf94+6sJADDblzRjTjAR8=,1tT1EAJ1Bod9xi1C93MqHFpwHog=
85,20,ML6P6eJf94+6sJADDblzRjTjAR8=,1tT1EAJ1Bod9xi1C93MqHFpwHog=
87,19,ML6P6eJf94+6sJADDblzRjTjAR8=,1tT1EAJ1Bod9xi1C93MqHFpwHog=
82,19,ML6P6eJf94+6sJADDblzRjTjAR8=,1tT1EAJ1Bod9xi1C93MqHFpwHog=
93,18,ML6P6eJf94+6sJADDblzRjTjAR8=,1tT1EAJ1Bod9xi1C93MqHFpwHog=
81,19,ML6P6eJf94+6sJADDblzRjTjAR8=,1tT1EAJ1Bod9xi1C93MqHFpwHog=
94,18,ML6P6eJf94+6sJADDblzRjTjAR8=,1tT1EAJ1Bod9xi1C93MqHFpwHog=
95,18,ML6P6eJf94+6sJADDblzRjTjAR8=,1tT1EAJ1Bod9xi1C93MqHFpwHog=
80,19,ML6P6eJf94+6sJADDblzRjTjAR8=,1tT1EAJ1Bod9xi1C93MqHFpwHog=
83,20,ML6P6eJf94+6sJADDblzRjTjAR8=,1tT1EAJ1Bod9xi1C93MqHFpwHog=
92,18,ML6P6eJf94+6sJADDblzRjTjAR8=,1tT1EAJ1Bod9xi1C93MqHFpwHog=
89,18,ML6P6eJf94+6sJADDblzRjTjAR8=,1tT1EAJ1Bod9xi1C93MqHFpwHog=
88,18,ML6P6eJf94+6sJADDblzRjTjAR8=,1tT1EAJ1Bod9xi1C93MqHFpwHog=
87,18,ML6P6eJf94+6sJADDblzRjTjAR8=,1tT1EAJ1Bod9xi1C93MqHFpwHog=
85,18,ML6P6eJf94+6sJADDblzRjTjAR8=,1tT1EAJ1Bod9xi1C93MqHFpwHog=
85,19,ML6P6eJf94+6sJADDblzRjTjAR8=,1tT1EAJ1Bod9xi1C93MqHFpwHog=
83,18,ML6P6eJf94+6sJADDblzRjTjAR8=,1tT1EAJ1Bod9xi1C93MqHFpwHog=
84,18,ML6P6eJf94+6sJADDblzRjTjAR8=,1tT1EAJ1Bod9xi1C93MqHFpwHog=
86,18,ML6P6eJf94+6sJADDblzRjTjAR8=,1tT1EAJ1Bod9xi1C93MqHFpwHog=
82,18,ML6P6eJf94+6sJADDblzRjTjAR8=,1tT1EAJ1Bod9xi1C93MqHFpwHog=
81,18,ML6P6eJf94+6sJADDblzRjTjAR8=,1tT1EAJ1Bod9xi1C93MqHFpwHog=
93,17,ML6P6eJf94+6sJADDblzRjTjAR8=,1tT1EAJ1Bod9xi1C93MqHFpwHog=
94,17,ML6P6eJf94+6sJADDblzRjTjAR8=,1tT1EAJ1Bod9xi1C93MqHFpwHog=
95,17,ML6P6eJf94+6sJADDblzRjTjAR8=,1tT1EAJ1Bod9xi1C93MqHFpwHog=
92,17,ML6P6eJf94+6sJADDblzRjTjAR8=,1tT1EAJ1Bod9xi1C93MqHFpwHog=
90,18,ML6P6eJf94+6sJADDblzRjTjAR8=,1tT1EAJ1Bod9xi1C93MqHFpwHog=
89,17,ML6P6eJf94+6sJADDblzRjTjAR8=,1tT1EAJ1Bod9xi1C93MqHFpwHog=
90,17,ML6P6eJf94+6sJADDblzRjTjAR8=,1tT1EAJ1Bod9xi1C93MqHFpwHog=
88,17,ML6P6eJf94+6sJADDblzRjTjAR8=,1tT1EAJ1Bod9xi1C93MqHFpwHog=
91,17,ML6P6eJf94+6sJADDblzRjTjAR8=,1tT1EAJ1Bod9xi1C93MqHFpwHog=
91,18,ML6P6eJf94+6sJADDblzRjTjAR8=,1tT1EAJ1Bod9xi1C93MqHFpwHog=
80,18,ML6P6eJf94+6sJADDblzRjTjAR8=,1tT1EAJ1Bod9xi1C93MqHFpwHog=
87,17,ML6P6eJf94+6sJADDblzRjTjAR8=,1tT1EAJ1Bod9xi1C93MqHFpwHog=
86,17,ML6P6eJf94+6sJADDblzRjTjAR8=,1tT1EAJ1Bod9xi1C93MqHFpwHog=
90,22,ML6P6eJf94+6sJADDblzRjTjAR8=,1tT1EAJ1Bod9xi1C93MqHFpwHog=
