-52,67,gtTD7UX3d2O3Yfhi983l2Qmt6uk=,r7dSpuQ+Xbp6wKLNuwDLXzvQGuQ=
-52,66,gtTD7UX3d2O3Yfhi983l2Qmt6uk=,r7dSpuQ+Xbp6wKLNuwDLXzvQGuQ=
-51,66,gtTD7UX3d2O3Yfhi983l2Qmt6uk=,r7dSpuQ+Xbp6wKLNuwDLXzvQGuQ=
-53,66,gtTD7UX3d2O3Yfhi983l2Qmt6uk=,r7dSpuQ+Xbp6wKLNuwDLXzvQGuQ=
-61,64,gtTD7UX3d2O3Yfhi983l2Qmt6uk=,r7dSpuQ+Xbp6wKLNuwDLXzvQGuQ=
-54,66,gtTD7UX3d2O3Yfhi983l2Qmt6uk=,r7dSpuQ+Xbp6wKLNuwDLXzvQGuQ=
-50,66,gtTD7UX3d2O3Yfhi983l2Qmt6uk=,r7dSpuQ+Xbp6wKLNuwDLXzvQGuQ=
-60,64,gtTD7UX3d2O3Yfhi983l2Qmt6uk=,r7dSpuQ+Xbp6wKLNuwDLXzvQGuQ=
-55,66,gtTD7UX3d2O3Yfhi983l2Qmt6uk=,r7dSpuQ+Xbp6wKLNuwDLXzvQGuQ=
-51,67,gtTD7UX3d2O3Yfhi983l2Qmt6uk=,r7dSpuQ+Xbp6wKLNuwDLXzvQGuQ=
-56,66,gtTD7UX3d2O3Yfhi983l2Qmt6uk=,r7dSpuQ+Xbp6wKLNuwDLXzvQGuQ=
-50,67,gtTD7UX3d2O3Yfhi983l2Qmt6uk=,r7dSpuQ+Xbp6wKLNuwDLXzvQGuQ=
-57,66,gtTD7UX3d2O3Yfhi983l2Qmt6uk=,r7dSpuQ+Xbp6wKLNuwDLXzvQGuQ=
-49,65,gtTD7UX3d2O3Yfhi983l2Qmt6uk=,r7dSpuQ+Xbp6wKLNuwDLXzvQGuQ=
-49,67,gtTD7UX3d2O3Yfhi983l2Qmt6uk=,r7dSpuQ+Xbp6wKLNuwDLXzvQGuQ=
-59,64,gtTD7UX3d2O3Yfhi983l2Qmt6uk=,r7dSpuQ+Xbp6wKLNuwDLXzvQGuQ=
-60,66,gtTD7UX3d2O3Yfhi983l2Qmt6uk=,r7dSpuQ+Xbp6wKLNuwDLXzvQGuQ=
-58,66,gtTD7UX3d2O3Yfhi983l2Qmt6uk=,r7dSpuQ+Xbp6wKLNuwDLXzvQGuQ=
-59,66,gtTD7UX3d2O3Yfhi983l2Qmt6uk=,r7dSpuQ+Xbp6wKLNuwDLXzvQGuQ=
-62,66,gtTD7UX3d2O3Yfhi983l2Qmt6uk=,r7dSpuQ+Xbp6wKLNuwDLXzvQGuQ=
-62,65,gtTD7UX3d2O3Yfhi983l2Qmt6uk=,r7dSpuQ+Xbp6wKLNuwDLXzvQGuQ=
-61,66,gtTD7UX3d2O3Yfhi983l2Qmt6uk=,r7dSpuQ+Xbp6wKLNuwDLXzvQGuQ=
-64,66,gtTD7UX3d2O3Yfhi983l2Qmt6uk=,r7dSpuQ+Xbp6wKLNuwDLXzvQGuQ=
-49,79,gtTD7UX3d2O3Yfhi983l2Qmt6uk=,r7dSpuQ+Xbp6wKLNuwDLXzvQGuQ=
-50,79,gtTD7UX3d2O3Yfhi983l2Qmt6uk=,r7dSpuQ+Xbp6wKLNuwDLXzvQGuQ=
-64,68,gtTD7UX3d2O3Yfhi983l2Qmt6uk=,r7dSpuQ+Xbp6wKLNuwDLXzvQGuQ=
-63,68,gtTD7UX3d2O3Yfhi983l2Qmt6uk=,r7dSpuQ+Xbp6wKLNuwDLXzvQGuQ=
-63,66,gtTD7UX3d2O3Yfhi983l2Qmt6uk=,r7dSpuQ+Xbp6wKLNuwDLXzvQGuQ=
-62,68,gtTD7UX3d2O3Yfhi983l2Qmt6uk=,r7dSpuQ+Xbp6wKLNuwDLXzvQGuQ=
-62,64,gtTD7UX3d2O3Yfhi983l2Qmt6uk=,r7dSpuQ+Xbp6wKLNuwDLXzvQGuQ=
-54,67,gtTD7UX3d2O3Yfhi983l2Qmt6uk=,r7dSpuQ+Xbp6wKLNuwDLXzvQGuQ=
-51,79,gtTD7UX3d2O3Yfhi983l2Qmt6uk=,r7dSpuQ+Xbp6wKLNuwDLXzvQGuQ=
-52,79,gtTD7UX3d2O3Yfhi983l2Qmt6uk=,r7dSpuQ+Xbp6wKLNuwDLXzvQGuQ=
-53,79,gtTD7UX3d2O3Yfhi983l2Qmt6uk=,r7dSpuQ+Xbp6wKLNuwDLXzvQGuQ=
-54,79,gtTD7UX3d2O3Yfhi983l2Qmt6uk=,r7dSpuQ+Xbp6wKLNuwDLXzvQGuQ=
-55,79,gtTD7UX3d2O3Yfhi983l2Qmt6uk=,r7dSpuQ+Xbp6wKLNuwDLXzvQGuQ=
-56,79,gtTD7UX3d2O3Yfhi983l2Qmt6uk=,r7dSpuQ+Xbp6wKLNuwDLXzvQGuQ=
-57,79,gtTD7UX3d2O3Yfhi983l2Qmt6uk=,r7dSpuQ+Xbp6wKLNuwDLXzvQGuQ=
-58,79,gtTD7UX3d2O3Yfhi983l2Qmt6uk=,r7dSpuQ+Xbp6wKLNuwDLXzvQGuQ=
-59,79,gtTD7UX3d2O3Yfhi983l2Qmt6uk=,r7dSpuQ+Xbp6wKLNuwDLXzvQGuQ=
-60,79,gtTD7UX3d2O3Yfhi983l2Qmt6uk=,r7dSpuQ+Xbp6wKLNuwDLXzvQGuQ=
-61,79,gtTD7UX3d2O3Yfhi983l2Qmt6uk=,r7dSpuQ+Xbp6wKLNuwDLXzvQGuQ=
-62,79,gtTD7UX3d2O3Yfhi983l2Qmt6uk=,r7dSpuQ+Xbp6wKLNuwDLXzvQGuQ=
-63,79,gtTD7UX3d2O3Yfhi983l2Qmt6uk=,r7dSpuQ+Xbp6wKLNuwDLXzvQGuQ=
-64,79,gtTD7UX3d2O3Yfhi983l2Qmt6uk=,r7dSpuQ+Xbp6wKLNuwDLXzvQGuQ=
-49,78,gtTD7UX3d2O3Yfhi983l2Qmt6uk=,r7dSpuQ+Xbp6wKLNuwDLXzvQGuQ=
-50,78,gtTD7UX3d2O3Yfhi983l2Qmt6uk=,r7dSpuQ+Xbp6wKLNuwDLXzvQGuQ=
-51,78,gtTD7UX3d2O3Yfhi983l2Qmt6uk=,r7dSpuQ+Xbp6wKLNuwDLXzvQGuQ=
-52,78,gtTD7UX3d2O3Yfhi983l2Qmt6uk=,r7dSpuQ+Xbp6wKLNuwDLXzvQGuQ=
-53,78,gtTD7UX3d2O3Yfhi983l2Qmt6uk=,r7dSpuQ+Xbp6wKLNuwDLXzvQGuQ=
-54,78,gtTD7UX3d2O3Yfhi983l2Qmt6uk=,r7dSpuQ+Xbp6wKLNuwDLXzvQGuQ=
-56,78,gtTD7UX3d2O3Yfhi983l2Qmt6uk=,r7dSpuQ+Xbp6wKLNuwDLXzvQGuQ=
-57,78,gtTD7UX3d2O3Yfhi983l2Qmt6uk=,r7dSpuQ+Xbp6wKLNuwDLXzvQGuQ=
-55,78,gtTD7UX3d2O3Yfhi983l2Qmt6uk=,r7dSpuQ+Xbp6wKLNuwDLXzvQGuQ=
-59,78,gtTD7UX3d2O3Yfhi983l2Qmt6uk=,r7dSpuQ+Xbp6wKLNuwDLXzvQGuQ=
-58,78,gtTD7UX3d2O3Yfhi983l2Qmt6uk=,r7dSpuQ+Xbp6wKLNuwDLXzvQGuQ=
-60,78,gtTD7UX3d2O3Yfhi983l2Qmt6uk=,r7dSpuQ+Xbp6wKLNuwDLXzvQGuQ=
-53,67,gtTD7UX3d2O3Yfhi983l2Qmt6uk=,r7dSpuQ+Xbp6wKLNuwDLXzvQGuQ=
-62,78,gtTD7UX3d2O3Yfhi983l2Qmt6uk=,r7dSpuQ+Xbp6wKLNuwDLXzvQGuQ=
-61,78,gtTD7UX3d2O3Yfhi983l2Qmt6uk=,r7dSpuQ+Xbp6wKLNuwDLXzvQGuQ=
-63,65,gtTD7UX3d2O3Yfhi983l2Qmt6uk=,r7dSpuQ+Xbp6wKLNuwDLXzvQGuQ=
-61,68,gtTD7UX3d2O3Yfhi983l2Qmt6uk=,r7dSpuQ+Xbp6wKLNuwDLXzvQGuQ=
-60,68,gtTD7UX3d2O3Yfhi983l2Qmt6uk=,r7dSpuQ+Xbp6wKLNuwDLXzvQGuQ=
-64,65,gtTD7UX3d2O3Yfhi983l2Qmt6uk=,r7dSpuQ+Xbp6wKLNuwDLXzvQGuQ=
-50,65,gtTD7UX3d2O3Yfhi983l2Qmt6uk=,r7dSpuQ+Xbp6wKLNuwDLXzvQGuQ=
-63,78,gtTD7UX3d2O3Yfhi983l2Qmt6uk=,r7dSpuQ+Xbp6wKLNuwDLXzvQGuQ=
-64,78,gtTD7UX3d2O3Yfhi983l2Qmt6uk=,r7dSpuQ+Xbp6wKLNuwDLXzvQGuQ=
-49,77,gtTD7UX3d2O3Yfhi983l2Qmt6uk=,r7dSpuQ+Xbp6wKLNuwDLXzvQGuQ=
-50,77,gtTD7UX3d2O3Yfhi983l2Qmt6uk=,r7dSpuQ+Xbp6wKLNuwDLXzvQGuQ=
-51,77,gtTD7UX3d2O3Yfhi983l2Qmt6uk=,r7dSpuQ+Xbp6wKLNuwDLXzvQGuQ=
-53,77,gtTD7UX3d2O3Yfhi983l2Qmt6uk=,r7dSpuQ+Xbp6wKLNuwDLXzvQGuQ=
-52,77,gtTD7UX3d2O3Yfhi983l2Qmt6uk=,r7dSpuQ+Xbp6wKLNuwDLXzvQGuQ=
-54,77,gtTD7UX3d2O3Yfhi983l2Qmt6uk=,r7dSpuQ+Xbp6wKLNuwDLXzvQGuQ=
-56,77,gtTD7UX3d2O3Yfhi983l2Qmt6uk=,r7dSpuQ+Xbp6wKLNuwDLXzvQGuQ=
-55,77,gtTD7UX3d2O3Yfhi983l2Qmt6uk=,r7dSpuQ+Xbp6wKLNuwDLXzvQGuQ=
-57,77,gtTD7UX3d2O3Yfhi983l2Qmt6uk=,r7dSpuQ+Xbp6wKLNuwDLXzvQGuQ=
-58,77,gtTD7UX3d2O3Yfhi983l2Qmt6uk=,r7dSpuQ+Xbp6wKLNuwDLXzvQGuQ=
-59,77,gtTD7UX3d2O3Yfhi983l2Qmt6uk=,r7dSpuQ+Xbp6wKLNuwDLXzvQGuQ=
-55,67,gtTD7UX3d2O3Yfhi983l2Qmt6uk=,r7dSpuQ+Xbp6wKLNuwDLXzvQGuQ=
-60,77,gtTD7UX3d2O3Yfhi983l2Qmt6uk=,r7dSpuQ+Xbp6wKLNuwDLXzvQGuQ=
-61,77,gtTD7UX3d2O3Yfhi983l2Qmt6uk=,r7dSpuQ+Xbp6wKLNuwDLXzvQGuQ=
-59,68,gtTD7UX3d2O3Yfhi983l2Qmt6uk=,r7dSpuQ+Xbp6wKLNuwDLXzvQGuQ=
-58,68,gtTD7UX3d2O3Yfhi983l2Qmt6uk=,r7dSpuQ+Xbp6wKLNuwDLXzvQGuQ=
-51,65,gtTD7UX3d2O3Yfhi983l2Qmt6uk=,r7dSpuQ+Xbp6wKLNuwDLXzvQGuQ=
-63,64,gtTD7UX3d2O3Yfhi983l2Qmt6uk=,r7dSpuQ+Xbp6wKLNuwDLXzvQGuQ=
-57,68,gtTD7UX3d2O3Yfhi983l2Qmt6uk=,r7dSpuQ+Xbp6wKLNuwDLXzvQGuQ=
-49,64,gtTD7UX3d2O3Yfhi983l2Qmt6uk=,r7dSpuQ+Xbp6wKLNuwDLXzvQGuQ=
-62,77,gtTD7UX3d2O3Yfhi983l2Qmt6uk=,r7dSpuQ+Xbp6wKLNuwDLXzvQGuQ=
-64,77,gtTD7UX3d2O3Yfhi983l2Qmt6uk=,r7dSpuQ+Xbp6wKLNuwDLXzvQGuQ=
-63,77,gtTD7UX3d2O3Yfhi983l2Qmt6uk=,r7dSpuQ+Xbp6wKLNuwDLXzvQGuQ=
-49,76,gtTD7UX3d2O3Yfhi983l2Qmt6uk=,r7dSpuQ+Xbp6wKLNuwDLXzvQGuQ=
-50,76,gtTD7UX3d2O3Yfhi983l2Qmt6uk=,r7dSpuQ+Xbp6wKLNuwDLXzvQGuQ=
-51,76,gtTD7UX3d2O3Yfhi983l2Qmt6uk=,r7dSpuQ+Xbp6wKLNuwDLXzvQGuQ=
-52,76,gtTD7UX3d2O3Yfhi983l2Qmt6uk=,r7dSpuQ+Xbp6wKLNuwDLXzvQGuQ=
-54,76,gtTD7UX3d2O3Yfhi983l2Qmt6uk=,r7dSpuQ+Xbp6wKLNuwDLXzvQGuQ=
-53,76,gtTD7UX3d2O3Yfhi983l2Qmt6uk=,r7dSpuQ+Xbp6wKLNuwDLXzvQGuQ=
-55,76,gtTD7UX3d2O3Yfhi983l2Qmt6uk=,r7dSpuQ+Xbp6wKLNuwDLXzvQGuQ=
-56,76,gtTD7UX3d2O3Yfhi983l2Qmt6uk=,r7dSpuQ+Xbp6wKLNuwDLXzvQGuQ=
-58,76,gtTD7UX3d2O3Yfhi983l2Qmt6uk=,r7dSpuQ+Xbp6wKLNuwDLXzvQGuQ=
-57,76,gtTD7UX3d2O3Yfhi983l2Qmt6uk=,r7dSpuQ+Xbp6wKLNuwDLXzvQGuQ=
-59,76,gtTD7UX3d2O3Yfhi983l2Qmt6uk=,r7dSpuQ+Xbp6wKLNuwDLXzvQGuQ=
-56,67,gtTD7UX3d2O3Yfhi983l2Qmt6uk=,r7dSpuQ+Xbp6wKLNuwDLXzvQGuQ=
-60,76,gtTD7UX3d2O3Yfhi983l2Qmt6uk=,r7dSpuQ+Xbp6wKLNuwDLXzvQGuQ=
-52,65,gtTD7UX3d2O3Yfhi983l2Qmt6uk=,r7dSpuQ+Xbp6wKLNuwDLXzvQGuQ=
-56,68,gtTD7UX3d2O3Yfhi983l2Qmt6uk=,r7dSpuQ+Xbp6wKLNuwDLXzvQGuQ=
-50,64,gtTD7UX3d2O3Yfhi983l2Qmt6uk=,r7dSpuQ+Xbp6wKLNuwDLXzvQGuQ=
-61,76,gtTD7UX3d2O3Yfhi983l2Qmt6uk=,r7dSpuQ+Xbp6wKLNuwDLXzvQGuQ=
-63,76,gtTD7UX3d2O3Yfhi983l2Qmt6uk=,r7dSpuQ+Xbp6wKLNuwDLXzvQGuQ=
-62,76,gtTD7UX3d2O3Yfhi983l2Qmt6uk=,r7dSpuQ+Xbp6wKLNuwDLXzvQGuQ=
-55,68,gtTD7UX3d2O3Yfhi983l2Qmt6uk=,r7dSpuQ+Xbp6wKLNuwDLXzvQGuQ=
-54,68,gtTD7UX3d2O3Yfhi983l2Qmt6uk=,r7dSpuQ+Xbp6wKLNuwDLXzvQGuQ=
-57,67,gtTD7UX3d2O3Yfhi983l2Qmt6uk=,r7dSpuQ+Xbp6wKLNuwDLXzvQGuQ=
-49,75,gtTD7UX3d2O3Yfhi983l2Qmt6uk=,r7dSpuQ+Xbp6wKLNuwDLXzvQGuQ=
-51,75,gtTD7UX3d2O3Yfhi983l2Qmt6uk=,r7dSpuQ+Xbp6wKLNuwDLXzvQGuQ=
-50,75,gtTD7UX3d2O3Yfhi983l2Qmt6uk=,r7dSpuQ+Xbp6wKLNuwDLXzvQGuQ=
-52,75,gtTD7UX3d2O3Yfhi983l2Qmt6uk=,r7dSpuQ+Xbp6wKLNuwDLXzvQGuQ=
-54,75,gtTD7UX3d2O3Yfhi983l2Qmt6uk=,r7dSpuQ+Xbp6wKLNuwDLXzvQGuQ=
-53,75,gtTD7UX3d2O3Yfhi983l2Qmt6uk=,r7dSpuQ+Xbp6wKLNuwDLXzvQGuQ=
-56,75,gtTD7UX3d2O3Yfhi983l2Qmt6uk=,r7dSpuQ+Xbp6wKLNuwDLXzvQGuQ=
-55,75,gtTD7UX3d2O3Yfhi983l2Qmt6uk=,r7dSpuQ+Xbp6wKLNuwDLXzvQGuQ=
-57,75,gtTD7UX3d2O3Yfhi983l2Qmt6uk=,r7dSpuQ+Xbp6wKLNuwDLXzvQGuQ=
-64,76,gtTD7UX3d2O3Yfhi983l2Qmt6uk=,r7dSpuQ+Xbp6wKLNuwDLXzvQGuQ=
-58,75,gtTD7UX3d2O3Yfhi983l2Qmt6uk=,r7dSpuQ+Xbp6wKLNuwDLXzvQGuQ=
-59,75,gtTD7UX3d2O3Yfhi983l2Qmt6uk=,r7dSpuQ+Xbp6wKLNuwDLXzvQGuQ=
-53,65,gtTD7UX3d2O3Yfhi983l2Qmt6uk=,r7dSpuQ+Xbp6wKLNuwDLXzvQGuQ=
-53,68,gtTD7UX3d2O3Yfhi983l2Qmt6uk=,r7dSpuQ+Xbp6wKLNuwDLXzvQGuQ=
-49,66,gtTD7UX3d2O3Yfhi983l2Qmt6uk=,r7dSpuQ+Xbp6wKLNuwDLXzvQGuQ=
-58,64,gtTD7UX3d2O3Yfhi983l2Qmt6uk=,r7dSpuQ+Xbp6wKLNuwDLXzvQGuQ=
-58,67,gtTD7UX3d2O3Yfhi983l2Qmt6uk=,r7dSpuQ+Xbp6wKLNuwDLXzvQGuQ=
-61,75,gtTD7UX3d2O3Yfhi983l2Qmt6uk=,r7dSpuQ+Xbp6wKLNuwDLXzvQGuQ=
-62,75,gtTD7UX3d2O3Yfhi983l2Qmt6uk=,r7dSpuQ+Xbp6wKLNuwDLXzvQGuQ=
-60,75,gtTD7UX3d2O3Yfhi983l2Qmt6uk=,r7dSpuQ+Xbp6wKLNuwDLXzvQGuQ=
-63,75,gtTD7UX3d2O3Yfhi983l2Qmt6uk=,r7dSpuQ+Xbp6wKLNuwDLXzvQGuQ=
-64,75,gtTD7UX3d2O3Yfhi983l2Qmt6uk=,r7dSpuQ+Xbp6wKLNuwDLXzvQGuQ=
-49,74,gtTD7UX3d2O3Yfhi983l2Qmt6uk=,r7dSpuQ+Xbp6wKLNuwDLXzvQGuQ=
-50,74,gtTD7UX3d2O3Yfhi983l2Qmt6uk=,r7dSpuQ+Xbp6wKLNuwDLXzvQGuQ=
-51,74,gtTD7UX3d2O3Yfhi983l2Qmt6uk=,r7dSpuQ+Xbp6wKLNuwDLXzvQGuQ=
-53,74,gtTD7UX3d2O3Yfhi983l2Qmt6uk=,r7dSpuQ+Xbp6wKLNuwDLXzvQGuQ=
-52,74,gtTD7UX3d2O3Yfhi983l2Qmt6uk=,r7dSpuQ+Xbp6wKLNuwDLXzvQGuQ=
-55,74,gtTD7UX3d2O3Yfhi983l2Qmt6uk=,r7dSpuQ+Xbp6wKLNuwDLXzvQGuQ=
-54,74,gtTD7UX3d2O3Yfhi983l2Qmt6uk=,r7dSpuQ+Xbp6wKLNuwDLXzvQGuQ=
-54,65,gtTD7UX3d2O3Yfhi983l2Qmt6uk=,r7dSpuQ+Xbp6wKLNuwDLXzvQGuQ=
-57,74,gtTD7UX3d2O3Yfhi983l2Qmt6uk=,r7dSpuQ+Xbp6wKLNuwDLXzvQGuQ=
-56,74,gtTD7UX3d2O3Yfhi983l2Qmt6uk=,r7dSpuQ+Xbp6wKLNuwDLXzvQGuQ=
-58,74,gtTD7UX3d2O3Yfhi983l2Qmt6uk=,r7dSpuQ+Xbp6wKLNuwDLXzvQGuQ=
-51,64,gtTD7UX3d2O3Yfhi983l2Qmt6uk=,r7dSpuQ+Xbp6wKLNuwDLXzvQGuQ=
-52,68,gtTD7UX3d2O3Yfhi983l2Qmt6uk=,r7dSpuQ+Xbp6wKLNuwDLXzvQGuQ=
-52,64,gtTD7UX3d2O3Yfhi983l2Qmt6uk=,r7dSpuQ+Xbp6wKLNuwDLXzvQGuQ=
-59,74,gtTD7UX3d2O3Yfhi983l2Qmt6uk=,r7dSpuQ+Xbp6wKLNuwDLXzvQGuQ=
-64,64,gtTD7UX3d2O3Yfhi983l2Qmt6uk=,r7dSpuQ+Xbp6wKLNuwDLXzvQGuQ=
-51,68,gtTD7UX3d2O3Yfhi983l2Qmt6uk=,r7dSpuQ+Xbp6wKLNuwDLXzvQGuQ=
-60,74,gtTD7UX3d2O3Yfhi983l2Qmt6uk=,r7dSpuQ+Xbp6wKLNuwDLXzvQGuQ=
-62,74,gtTD7UX3d2O3Yfhi983l2Qmt6uk=,r7dSpuQ+Xbp6wKLNuwDLXzvQGuQ=
-61,74,gtTD7UX3d2O3Yfhi983l2Qmt6uk=,r7dSpuQ+Xbp6wKLNuwDLXzvQGuQ=
-64,74,gtTD7UX3d2O3Yfhi983l2Qmt6uk=,r7dSpuQ+Xbp6wKLNuwDLXzvQGuQ=
-63,74,gtTD7UX3d2O3Yfhi983l2Qmt6uk=,r7dSpuQ+Xbp6wKLNuwDLXzvQGuQ=
-49,73,gtTD7UX3d2O3Yfhi983l2Qmt6uk=,r7dSpuQ+Xbp6wKLNuwDLXzvQGuQ=
-50,73,gtTD7UX3d2O3Yfhi983l2Qmt6uk=,r7dSpuQ+Xbp6wKLNuwDLXzvQGuQ=
-52,73,gtTD7UX3d2O3Yfhi983l2Qmt6uk=,r7dSpuQ+Xbp6wKLNuwDLXzvQGuQ=
-51,73,gtTD7UX3d2O3Yfhi983l2Qmt6uk=,r7dSpuQ+Xbp6wKLNuwDLXzvQGuQ=
-53,73,gtTD7UX3d2O3Yfhi983l2Qmt6uk=,r7dSpuQ+Xbp6wKLNuwDLXzvQGuQ=
-54,73,gtTD7UX3d2O3Yfhi983l2Qmt6uk=,r7dSpuQ+Xbp6wKLNuwDLXzvQGuQ=
-59,67,gtTD7UX3d2O3Yfhi983l2Qmt6uk=,r7dSpuQ+Xbp6wKLNuwDLXzvQGuQ=
-56,73,gtTD7UX3d2O3Yfhi983l2Qmt6uk=,r7dSpuQ+Xbp6wKLNuwDLXzvQGuQ=
-55,73,gtTD7UX3d2O3Yfhi983l2Qmt6uk=,r7dSpuQ+Xbp6wKLNuwDLXzvQGuQ=
-57,73,gtTD7UX3d2O3Yfhi983l2Qmt6uk=,r7dSpuQ+Xbp6wKLNuwDLXzvQGuQ=
-55,65,gtTD7UX3d2O3Yfhi983l2Qmt6uk=,r7dSpuQ+Xbp6wKLNuwDLXzvQGuQ=
-50,68,gtTD7UX3d2O3Yfhi983l2Qmt6uk=,r7dSpuQ+Xbp6wKLNuwDLXzvQGuQ=
-61,65,gtTD7UX3d2O3Yfhi983l2Qmt6uk=,r7dSpuQ+Xbp6wKLNuwDLXzvQGuQ=
-58,73,gtTD7UX3d2O3Yfhi983l2Qmt6uk=,r7dSpuQ+Xbp6wKLNuwDLXzvQGuQ=
-60,67,gtTD7UX3d2O3Yfhi983l2Qmt6uk=,r7dSpuQ+Xbp6wKLNuwDLXzvQGuQ=
-60,73,gtTD7UX3d2O3Yfhi983l2Qmt6uk=,r7dSpuQ+Xbp6wKLNuwDLXzvQGuQ=
-59,73,gtTD7UX3d2O3Yfhi983l2Qmt6uk=,r7dSpuQ+Xbp6wKLNuwDLXzvQGuQ=
-61,73,gtTD7UX3d2O3Yfhi983l2Qmt6uk=,r7dSpuQ+Xbp6wKLNuwDLXzvQGuQ=
-53,64,gtTD7UX3d2O3Yfhi983l2Qmt6uk=,r7dSpuQ+Xbp6wKLNuwDLXzvQGuQ=
-64,73,gtTD7UX3d2O3Yfhi983l2Qmt6uk=,r7dSpuQ+Xbp6wKLNuwDLXzvQGuQ=
-63,73,gtTD7UX3d2O3Yfhi983l2Qmt6uk=,r7dSpuQ+Xbp6wKLNuwDLXzvQGuQ=
-49,72,gtTD7UX3d2O3Yfhi983l2Qmt6uk=,r7dSpuQ+Xbp6wKLNuwDLXzvQGuQ=
-51,72,gtTD7UX3d2O3Yfhi983l2Qmt6uk=,r7dSpuQ+Xbp6wKLNuwDLXzvQGuQ=
-50,72,gtTD7UX3d2O3Yfhi983l2Qmt6uk=,r7dSpuQ+Xbp6wKLNuwDLXzvQGuQ=
-52,72,gtTD7UX3d2O3Yfhi983l2Qmt6uk=,r7dSpuQ+Xbp6wKLNuwDLXzvQGuQ=
-62,73,gtTD7UX3d2O3Yfhi983l2Qmt6uk=,r7dSpuQ+Xbp6wKLNuwDLXzvQGuQ=
-49,68,gtTD7UX3d2O3Yfhi983l2Qmt6uk=,r7dSpuQ+Xbp6wKLNuwDLXzvQGuQ=
-54,72,gtTD7UX3d2O3Yfhi983l2Qmt6uk=,r7dSpuQ+Xbp6wKLNuwDLXzvQGuQ=
-53,72,gtTD7UX3d2O3Yfhi983l2Qmt6uk=,r7dSpuQ+Xbp6wKLNuwDLXzvQGuQ=
-64,69,gtTD7UX3d2O3Yfhi983l2Qmt6uk=,r7dSpuQ+Xbp6wKLNuwDLXzvQGuQ=
-56,65,gtTD7UX3d2O3Yfhi983l2Qmt6uk=,r7dSpuQ+Xbp6wKLNuwDLXzvQGuQ=
-55,72,gtTD7UX3d2O3Yfhi983l2Qmt6uk=,r7dSpuQ+Xbp6wKLNuwDLXzvQGuQ=
-62,69,gtTD7UX3d2O3Yfhi983l2Qmt6uk=,r7dSpuQ+Xbp6wKLNuwDLXzvQGuQ=
-63,69,gtTD7UX3d2O3Yfhi983l2Qmt6uk=,r7dSpuQ+Xbp6wKLNuwDLXzvQGuQ=
-61,69,gtTD7UX3d2O3Yfhi983l2Qmt6uk=,r7dSpuQ+Xbp6wKLNuwDLXzvQGuQ=
-56,72,gtTD7UX3d2O3Yfhi983l2Qmt6uk=,r7dSpuQ+Xbp6wKLNuwDLXzvQGuQ=
-54,64,gtTD7UX3d2O3Yfhi983l2Qmt6uk=,r7dSpuQ+Xbp6wKLNuwDLXzvQGuQ=
-61,67,gtTD7UX3d2O3Yfhi983l2Qmt6uk=,r7dSpuQ+Xbp6wKLNuwDLXzvQGuQ=
-57,72,gtTD7UX3d2O3Yfhi983l2Qmt6uk=,r7dSpuQ+Xbp6wKLNuwDLXzvQGuQ=
-59,72,gtTD7UX3d2O3Yfhi983l2Qmt6uk=,r7dSpuQ+Xbp6wKLNuwDLXzvQGuQ=
-61,72,gtTD7UX3d2O3Yfhi983l2Qmt6uk=,r7dSpuQ+Xbp6wKLNuwDLXzvQGuQ=
-60,72,gtTD7UX3d2O3Yfhi983l2Qmt6uk=,r7dSpuQ+Xbp6wKLNuwDLXzvQGuQ=
-62,72,gtTD7UX3d2O3Yfhi983l2Qmt6uk=,r7dSpuQ+Xbp6wKLNuwDLXzvQGuQ=
-63,72,gtTD7UX3d2O3Yfhi983l2Qmt6uk=,r7dSpuQ+Xbp6wKLNuwDLXzvQGuQ=
-64,72,gtTD7UX3d2O3Yfhi983l2Qmt6uk=,r7dSpuQ+Xbp6wKLNuwDLXzvQGuQ=
-49,71,gtTD7UX3d2O3Yfhi983l2Qmt6uk=,r7dSpuQ+Xbp6wKLNuwDLXzvQGuQ=
-59,69,gtTD7UX3d2O3Yfhi983l2Qmt6uk=,r7dSpuQ+Xbp6wKLNuwDLXzvQGuQ=
-60,69,gtTD7UX3d2O3Yfhi983l2Qmt6uk=,r7dSpuQ+Xbp6wKLNuwDLXzvQGuQ=
-58,72,gtTD7UX3d2O3Yfhi983l2Qmt6uk=,r7dSpuQ+Xbp6wKLNuwDLXzvQGuQ=
-51,71,gtTD7UX3d2O3Yfhi983l2Qmt6uk=,r7dSpuQ+Xbp6wKLNuwDLXzvQGuQ=
-53,71,gtTD7UX3d2O3Yfhi983l2Qmt6uk=,r7dSpuQ+Xbp6wKLNuwDLXzvQGuQ=
-52,71,gtTD7UX3d2O3Yfhi983l2Qmt6uk=,r7dSpuQ+Xbp6wKLNuwDLXzvQGuQ=
-58,69,gtTD7UX3d2O3Yfhi983l2Qmt6uk=,r7dSpuQ+Xbp6wKLNuwDLXzvQGuQ=
-57,69,gtTD7UX3d2O3Yfhi983l2Qmt6uk=,r7dSpuQ+Xbp6wKLNuwDLXzvQGuQ=
-57,65,gtTD7UX3d2O3Yfhi983l2Qmt6uk=,r7dSpuQ+Xbp6wKLNuwDLXzvQGuQ=
-54,71,gtTD7UX3d2O3Yfhi983l2Qmt6uk=,r7dSpuQ+Xbp6wKLNuwDLXzvQGuQ=
-56,69,gtTD7UX3d2O3Yfhi983l2Qmt6uk=,r7dSpuQ+Xbp6wKLNuwDLXzvQGuQ=
-55,69,gtTD7UX3d2O3Yfhi983l2Qmt6uk=,r7dSpuQ+Xbp6wKLNuwDLXzvQGuQ=
-55,71,gtTD7UX3d2O3Yfhi983l2Qmt6uk=,r7dSpuQ+Xbp6wKLNuwDLXzvQGuQ=
-62,67,gtTD7UX3d2O3Yfhi983l2Qmt6uk=,r7dSpuQ+Xbp6wKLNuwDLXzvQGuQ=
-55,64,gtTD7UX3d2O3Yfhi983l2Qmt6uk=,r7dSpuQ+Xbp6wKLNuwDLXzvQGuQ=
-54,69,gtTD7UX3d2O3Yfhi983l2Qmt6uk=,r7dSpuQ+Xbp6wKLNuwDLXzvQGuQ=
-64,67,gtTD7UX3d2O3Yfhi983l2Qmt6uk=,r7dSpuQ+Xbp6wKLNuwDLXzvQGuQ=
-60,65,gtTD7UX3d2O3Yfhi983l2Qmt6uk=,r7dSpuQ+Xbp6wKLNuwDLXzvQGuQ=
-57,64,gtTD7UX3d2O3Yfhi983l2Qmt6uk=,r7dSpuQ+Xbp6wKLNuwDLXzvQGuQ=
-53,69,gtTD7UX3d2O3Yfhi983l2Qmt6uk=,r7dSpuQ+Xbp6wKLNuwDLXzvQGuQ=
-56,71,gtTD7UX3d2O3Yfhi983l2Qmt6uk=,r7dSpuQ+Xbp6wKLNuwDLXzvQGuQ=
-52,69,gtTD7UX3d2O3Yfhi983l2Qmt6uk=,r7dSpuQ+Xbp6wKLNuwDLXzvQGuQ=
-51,69,gtTD7UX3d2O3Yfhi983l2Qmt6uk=,r7dSpuQ+Xbp6wKLNuwDLXzvQGuQ=
-59,65,gtTD7UX3d2O3Yfhi983l2Qmt6uk=,r7dSpuQ+Xbp6wKLNuwDLXzvQGuQ=
-57,71,gtTD7UX3d2O3Yfhi983l2Qmt6uk=,r7dSpuQ+Xbp6wKLNuwDLXzvQGuQ=
-50,69,gtTD7UX3d2O3Yfhi983l2Qmt6uk=,r7dSpuQ+Xbp6wKLNuwDLXzvQGuQ=
-64,70,gtTD7UX3d2O3Yfhi983l2Qmt6uk=,r7dSpuQ+Xbp6wKLNuwDLXzvQGuQ=
-49,69,gtTD7UX3d2O3Yfhi983l2Qmt6uk=,r7dSpuQ+Xbp6wKLNuwDLXzvQGuQ=
-63,70,gtTD7UX3d2O3Yfhi983l2Qmt6uk=,r7dSpuQ+Xbp6wKLNuwDLXzvQGuQ=
-62,70,gtTD7UX3d2O3Yfhi983l2Qmt6uk=,r7dSpuQ+Xbp6wKLNuwDLXzvQGuQ=
-61,70,gtTD7UX3d2O3Yfhi983l2Qmt6uk=,r7dSpuQ+Xbp6wKLNuwDLXzvQGuQ=
-60,70,gtTD7UX3d2O3Yfhi983l2Qmt6uk=,r7dSpuQ+Xbp6wKLNuwDLXzvQGuQ=
-59,71,gtTD7UX3d2O3Yfhi983l2Qmt6uk=,r7dSpuQ+Xbp6wKLNuwDLXzvQGuQ=
-58,71,gtTD7UX3d2O3Yfhi983l2Qmt6uk=,r7dSpuQ+Xbp6wKLNuwDLXzvQGuQ=
-59,70,gtTD7UX3d2O3Yfhi983l2Qmt6uk=,r7dSpuQ+Xbp6wKLNuwDLXzvQGuQ=
-60,71,gtTD7UX3d2O3Yfhi983l2Qmt6uk=,r7dSpuQ+Xbp6wKLNuwDLXzvQGuQ=
-58,70,gtTD7UX3d2O3Yfhi983l2Qmt6uk=,r7dSpuQ+Xbp6wKLNuwDLXzvQGuQ=
-62,71,gtTD7UX3d2O3Yfhi983l2Qmt6uk=,r7dSpuQ+Xbp6wKLNuwDLXzvQGuQ=
-61,71,gtTD7UX3d2O3Yfhi983l2Qmt6uk=,r7dSpuQ+Xbp6wKLNuwDLXzvQGuQ=
-63,71,gtTD7UX3d2O3Yfhi983l2Qmt6uk=,r7dSpuQ+Xbp6wKLNuwDLXzvQGuQ=
-64,71,gtTD7UX3d2O3Yfhi983l2Qmt6uk=,r7dSpuQ+Xbp6wKLNuwDLXzvQGuQ=
-50,70,gtTD7UX3d2O3Yfhi983l2Qmt6uk=,r7dSpuQ+Xbp6wKLNuwDLXzvQGuQ=
-49,70,gtTD7UX3d2O3Yfhi983l2Qmt6uk=,r7dSpuQ+Xbp6wKLNuwDLXzvQGuQ=
-52,70,gtTD7UX3d2O3Yfhi983l2Qmt6uk=,r7dSpuQ+Xbp6wKLNuwDLXzvQGuQ=
-57,70,gtTD7UX3d2O3Yfhi983l2Qmt6uk=,r7dSpuQ+Xbp6wKLNuwDLXzvQGuQ=
-51,70,gtTD7UX3d2O3Yfhi983l2Qmt6uk=,r7dSpuQ+Xbp6wKLNuwDLXzvQGuQ=
-58,65,gtTD7UX3d2O3Yfhi983l2Qmt6uk=,r7dSpuQ+Xbp6wKLNuwDLXzvQGuQ=
-53,70,gtTD7UX3d2O3Yfhi983l2Qmt6uk=,r7dSpuQ+Xbp6wKLNuwDLXzvQGuQ=
-55,70,gtTD7UX3d2O3Yfhi983l2Qmt6uk=,r7dSpuQ+Xbp6wKLNuwDLXzvQGuQ=
-56,70,gtTD7UX3d2O3Yfhi983l2Qmt6uk=,r7dSpuQ+Xbp6wKLNuwDLXzvQGuQ=
-54,70,gtTD7UX3d2O3Yfhi983l2Qmt6uk=,r7dSpuQ+Xbp6wKLNuwDLXzvQGuQ=
-56,64,gtTD7UX3d2O3Yfhi983l2Qmt6uk=,r7dSpuQ+Xbp6wKLNuwDLXzvQGuQ=
-50,71,gtTD7UX3d2O3Yfhi983l2Qmt6uk=,r7dSpuQ+Xbp6wKLNuwDLXzvQGuQ=
-63,67,gtTD7UX3d2O3Yfhi983l2Qmt6uk=,r7dSpuQ+Xbp6wKLNuwDLXzvQGuQ=
-45,64,+ErlNZNnb8tIDAWroh6FdR1Ousw=,LqswCx+tsG1HRy+Rymf6jQHR3bI=
-35,66,+ErlNZNnb8tIDAWroh6FdR1Ousw=,LqswCx+tsG1HRy+Rymf6jQHR3bI=
-36,66,+ErlNZNnb8tIDAWroh6FdR1Ousw=,LqswCx+tsG1HRy+Rymf6jQHR3bI=
-37,66,+ErlNZNnb8tIDAWroh6FdR1Ousw=,LqswCx+tsG1HRy+Rymf6jQHR3bI=
-38,66,+ErlNZNnb8tIDAWroh6FdR1Ousw=,LqswCx+tsG1HRy+Rymf6jQHR3bI=
-39,66,+ErlNZNnb8tIDAWroh6FdR1Ousw=,LqswCx+tsG1HRy+Rymf6jQHR3bI=
-40,66,+ErlNZNnb8tIDAWroh6FdR1Ousw=,LqswCx+tsG1HRy+Rymf6jQHR3bI=
-36,67,+ErlNZNnb8tIDAWroh6FdR1Ousw=,LqswCx+tsG1HRy+Rymf6jQHR3bI=
-41,66,+ErlNZNnb8tIDAWroh6FdR1Ousw=,LqswCx+tsG1HRy+Rymf6jQHR3bI=
-33,65,+ErlNZNnb8tIDAWroh6FdR1Ousw=,LqswCx+tsG1HRy+Rymf6jQHR3bI=
-34,66,+ErlNZNnb8tIDAWroh6FdR1Ousw=,LqswCx+tsG1HRy+Rymf6jQHR3bI=
-42,66,+ErlNZNnb8tIDAWroh6FdR1Ousw=,LqswCx+tsG1HRy+Rymf6jQHR3bI=
-44,64,+ErlNZNnb8tIDAWroh6FdR1Ousw=,LqswCx+tsG1HRy+Rymf6jQHR3bI=
-43,66,+ErlNZNnb8tIDAWroh6FdR1Ousw=,LqswCx+tsG1HRy+Rymf6jQHR3bI=
-35,67,+ErlNZNnb8tIDAWroh6FdR1Ousw=,LqswCx+tsG1HRy+Rymf6jQHR3bI=
-44,66,+ErlNZNnb8tIDAWroh6FdR1Ousw=,LqswCx+tsG1HRy+Rymf6jQHR3bI=
-34,67,+ErlNZNnb8tIDAWroh6FdR1Ousw=,LqswCx+tsG1HRy+Rymf6jQHR3bI=
-45,66,+ErlNZNnb8tIDAWroh6FdR1Ousw=,LqswCx+tsG1HRy+Rymf6jQHR3bI=
-33,67,+ErlNZNnb8tIDAWroh6FdR1Ousw=,LqswCx+tsG1HRy+Rymf6jQHR3bI=
-46,66,+ErlNZNnb8tIDAWroh6FdR1Ousw=,LqswCx+tsG1HRy+Rymf6jQHR3bI=
-47,66,+ErlNZNnb8tIDAWroh6FdR1Ousw=,LqswCx+tsG1HRy+Rymf6jQHR3bI=
-43,64,+ErlNZNnb8tIDAWroh6FdR1Ousw=,LqswCx+tsG1HRy+Rymf6jQHR3bI=
-48,66,+ErlNZNnb8tIDAWroh6FdR1Ousw=,LqswCx+tsG1HRy+Rymf6jQHR3bI=
-46,65,+ErlNZNnb8tIDAWroh6FdR1Ousw=,LqswCx+tsG1HRy+Rymf6jQHR3bI=
-33,79,+ErlNZNnb8tIDAWroh6FdR1Ousw=,LqswCx+tsG1HRy+Rymf6jQHR3bI=
-34,79,+ErlNZNnb8tIDAWroh6FdR1Ousw=,LqswCx+tsG1HRy+Rymf6jQHR3bI=
-37,67,+ErlNZNnb8tIDAWroh6FdR1Ousw=,LqswCx+tsG1HRy+Rymf6jQHR3bI=
-46,64,+ErlNZNnb8tIDAWroh6FdR1Ousw=,LqswCx+tsG1HRy+Rymf6jQHR3bI=
-35,79,+ErlNZNnb8tIDAWroh6FdR1Ousw=,LqswCx+tsG1HRy+Rymf6jQHR3bI=
-36,79,+ErlNZNnb8tIDAWroh6FdR1Ousw=,LqswCx+tsG1HRy+Rymf6jQHR3bI=
-37,79,+ErlNZNnb8tIDAWroh6FdR1Ousw=,LqswCx+tsG1HRy+Rymf6jQHR3bI=
-38,79,+ErlNZNnb8tIDAWroh6FdR1Ousw=,LqswCx+tsG1HRy+Rymf6jQHR3bI=
-38,67,+ErlNZNnb8tIDAWroh6FdR1Ousw=,LqswCx+tsG1HRy+Rymf6jQHR3bI=
-41,79,+ErlNZNnb8tIDAWroh6FdR1Ousw=,LqswCx+tsG1HRy+Rymf6jQHR3bI=
-40,79,+ErlNZNnb8tIDAWroh6FdR1Ousw=,LqswCx+tsG1HRy+Rymf6jQHR3bI=
-39,79,+ErlNZNnb8tIDAWroh6FdR1Ousw=,LqswCx+tsG1HRy+Rymf6jQHR3bI=
-42,79,+ErlNZNnb8tIDAWroh6FdR1Ousw=,LqswCx+tsG1HRy+Rymf6jQHR3bI=
-43,79,+ErlNZNnb8tIDAWroh6FdR1Ousw=,LqswCx+tsG1HRy+Rymf6jQHR3bI=
-44,79,+ErlNZNnb8tIDAWroh6FdR1Ousw=,LqswCx+tsG1HRy+Rymf6jQHR3bI=
-45,79,+ErlNZNnb8tIDAWroh6FdR1Ousw=,LqswCx+tsG1HRy+Rymf6jQHR3bI=
-46,79,+ErlNZNnb8tIDAWroh6FdR1Ousw=,LqswCx+tsG1HRy+Rymf6jQHR3bI=
-47,79,+ErlNZNnb8tIDAWroh6FdR1Ousw=,LqswCx+tsG1HRy+Rymf6jQHR3bI=
-48,79,+ErlNZNnb8tIDAWroh6FdR1Ousw=,LqswCx+tsG1HRy+Rymf6jQHR3bI=
-34,78,+ErlNZNnb8tIDAWroh6FdR1Ousw=,LqswCx+tsG1HRy+Rymf6jQHR3bI=
-33,78,+ErlNZNnb8tIDAWroh6FdR1Ousw=,LqswCx+tsG1HRy+Rymf6jQHR3bI=
-35,78,+ErlNZNnb8tIDAWroh6FdR1Ousw=,LqswCx+tsG1HRy+Rymf6jQHR3bI=
-36,78,+ErlNZNnb8tIDAWroh6FdR1Ousw=,LqswCx+tsG1HRy+Rymf6jQHR3bI=
-38,78,+ErlNZNnb8tIDAWroh6FdR1Ousw=,LqswCx+tsG1HRy+Rymf6jQHR3bI=
-39,78,+ErlNZNnb8tIDAWroh6FdR1Ousw=,LqswCx+tsG1HRy+Rymf6jQHR3bI=
-37,78,+ErlNZNnb8tIDAWroh6FdR1Ousw=,LqswCx+tsG1HRy+Rymf6jQHR3bI=
-40,78,+ErlNZNnb8tIDAWroh6FdR1Ousw=,LqswCx+tsG1HRy+Rymf6jQHR3bI=
-41,78,+ErlNZNnb8tIDAWroh6FdR1Ousw=,LqswCx+tsG1HRy+Rymf6jQHR3bI=
-42,78,+ErlNZNnb8tIDAWroh6FdR1Ousw=,LqswCx+tsG1HRy+Rymf6jQHR3bI=
-43,78,+ErlNZNnb8tIDAWroh6FdR1Ousw=,LqswCx+tsG1HRy+Rymf6jQHR3bI=
-44,78,+ErlNZNnb8tIDAWroh6FdR1Ousw=,LqswCx+tsG1HRy+Rymf6jQHR3bI=
-45,78,+ErlNZNnb8tIDAWroh6FdR1Ousw=,LqswCx+tsG1HRy+Rymf6jQHR3bI=
-34,65,+ErlNZNnb8tIDAWroh6FdR1Ousw=,LqswCx+tsG1HRy+Rymf6jQHR3bI=
-46,78,+ErlNZNnb8tIDAWroh6FdR1Ousw=,LqswCx+tsG1HRy+Rymf6jQHR3bI=
-47,65,+ErlNZNnb8tIDAWroh6FdR1Ousw=,LqswCx+tsG1HRy+Rymf6jQHR3bI=
-48,68,+ErlNZNnb8tIDAWroh6FdR1Ousw=,LqswCx+tsG1HRy+Rymf6jQHR3bI=
-47,68,+ErlNZNnb8tIDAWroh6FdR1Ousw=,LqswCx+tsG1HRy+Rymf6jQHR3bI=
-46,68,+ErlNZNnb8tIDAWroh6FdR1Ousw=,LqswCx+tsG1HRy+Rymf6jQHR3bI=
-45,68,+ErlNZNnb8tIDAWroh6FdR1Ousw=,LqswCx+tsG1HRy+Rymf6jQHR3bI=
-44,68,+ErlNZNnb8tIDAWroh6FdR1Ousw=,LqswCx+tsG1HRy+Rymf6jQHR3bI=
-43,68,+ErlNZNnb8tIDAWroh6FdR1Ousw=,LqswCx+tsG1HRy+Rymf6jQHR3bI=
-42,68,+ErlNZNnb8tIDAWroh6FdR1Ousw=,LqswCx+tsG1HRy+Rymf6jQHR3bI=
-41,68,+ErlNZNnb8tIDAWroh6FdR1Ousw=,LqswCx+tsG1HRy+Rymf6jQHR3bI=
-40,68,+ErlNZNnb8tIDAWroh6FdR1Ousw=,LqswCx+tsG1HRy+Rymf6jQHR3bI=
-39,68,+ErlNZNnb8tIDAWroh6FdR1Ousw=,LqswCx+tsG1HRy+Rymf6jQHR3bI=
-38,68,+ErlNZNnb8tIDAWroh6FdR1Ousw=,LqswCx+tsG1HRy+Rymf6jQHR3bI=
-37,68,+ErlNZNnb8tIDAWroh6FdR1Ousw=,LqswCx+tsG1HRy+Rymf6jQHR3bI=
-33,66,+ErlNZNnb8tIDAWroh6FdR1Ousw=,LqswCx+tsG1HRy+Rymf6jQHR3bI=
-42,64,+ErlNZNnb8tIDAWroh6FdR1Ousw=,LqswCx+tsG1HRy+Rymf6jQHR3bI=
-36,68,+ErlNZNnb8tIDAWroh6FdR1Ousw=,LqswCx+tsG1HRy+Rymf6jQHR3bI=
-35,68,+ErlNZNnb8tIDAWroh6FdR1Ousw=,LqswCx+tsG1HRy+Rymf6jQHR3bI=
-48,65,+ErlNZNnb8tIDAWroh6FdR1Ousw=,LqswCx+tsG1HRy+Rymf6jQHR3bI=
-39,67,+ErlNZNnb8tIDAWroh6FdR1Ousw=,LqswCx+tsG1HRy+Rymf6jQHR3bI=
-47,78,+ErlNZNnb8tIDAWroh6FdR1Ousw=,LqswCx+tsG1HRy+Rymf6jQHR3bI=
-48,78,+ErlNZNnb8tIDAWroh6FdR1Ousw=,LqswCx+tsG1HRy+Rymf6jQHR3bI=
-33,77,+ErlNZNnb8tIDAWroh6FdR1Ousw=,LqswCx+tsG1HRy+Rymf6jQHR3bI=
-34,77,+ErlNZNnb8tIDAWroh6FdR1Ousw=,LqswCx+tsG1HRy+Rymf6jQHR3bI=
-35,77,+ErlNZNnb8tIDAWroh6FdR1Ousw=,LqswCx+tsG1HRy+Rymf6jQHR3bI=
-36,77,+ErlNZNnb8tIDAWroh6FdR1Ousw=,LqswCx+tsG1HRy+Rymf6jQHR3bI=
-37,77,+ErlNZNnb8tIDAWroh6FdR1Ousw=,LqswCx+tsG1HRy+Rymf6jQHR3bI=
-38,77,+ErlNZNnb8tIDAWroh6FdR1Ousw=,LqswCx+tsG1HRy+Rymf6jQHR3bI=
-39,77,+ErlNZNnb8tIDAWroh6FdR1Ousw=,LqswCx+tsG1HRy+Rymf6jQHR3bI=
-40,77,+ErlNZNnb8tIDAWroh6FdR1Ousw=,LqswCx+tsG1HRy+Rymf6jQHR3bI=
-41,77,+ErlNZNnb8tIDAWroh6FdR1Ousw=,LqswCx+tsG1HRy+Rymf6jQHR3bI=
-42,77,+ErlNZNnb8tIDAWroh6FdR1Ousw=,LqswCx+tsG1HRy+Rymf6jQHR3bI=
-43,77,+ErlNZNnb8tIDAWroh6FdR1Ousw=,LqswCx+tsG1HRy+Rymf6jQHR3bI=
-47,64,+ErlNZNnb8tIDAWroh6FdR1Ousw=,LqswCx+tsG1HRy+Rymf6jQHR3bI=
-44,77,+ErlNZNnb8tIDAWroh6FdR1Ousw=,LqswCx+tsG1HRy+Rymf6jQHR3bI=
-35,65,+ErlNZNnb8tIDAWroh6FdR1Ousw=,LqswCx+tsG1HRy+Rymf6jQHR3bI=
-45,77,+ErlNZNnb8tIDAWroh6FdR1Ousw=,LqswCx+tsG1HRy+Rymf6jQHR3bI=
-33,64,+ErlNZNnb8tIDAWroh6FdR1Ousw=,LqswCx+tsG1HRy+Rymf6jQHR3bI=
-40,67,+ErlNZNnb8tIDAWroh6FdR1Ousw=,LqswCx+tsG1HRy+Rymf6jQHR3bI=
-46,77,+ErlNZNnb8tIDAWroh6FdR1Ousw=,LqswCx+tsG1HRy+Rymf6jQHR3bI=
-47,77,+ErlNZNnb8tIDAWroh6FdR1Ousw=,LqswCx+tsG1HRy+Rymf6jQHR3bI=
-48,77,+ErlNZNnb8tIDAWroh6FdR1Ousw=,LqswCx+tsG1HRy+Rymf6jQHR3bI=
-33,76,+ErlNZNnb8tIDAWroh6FdR1Ousw=,LqswCx+tsG1HRy+Rymf6jQHR3bI=
-34,76,+ErlNZNnb8tIDAWroh6FdR1Ousw=,LqswCx+tsG1HRy+Rymf6jQHR3bI=
-35,76,+ErlNZNnb8tIDAWroh6FdR1Ousw=,LqswCx+tsG1HRy+Rymf6jQHR3bI=
-36,76,+ErlNZNnb8tIDAWroh6FdR1Ousw=,LqswCx+tsG1HRy+Rymf6jQHR3bI=
-37,76,+ErlNZNnb8tIDAWroh6FdR1Ousw=,LqswCx+tsG1HRy+Rymf6jQHR3bI=
-38,76,+ErlNZNnb8tIDAWroh6FdR1Ousw=,LqswCx+tsG1HRy+Rymf6jQHR3bI=
-39,76,+ErlNZNnb8tIDAWroh6FdR1Ousw=,LqswCx+tsG1HRy+Rymf6jQHR3bI=
-40,76,+ErlNZNnb8tIDAWroh6FdR1Ousw=,LqswCx+tsG1HRy+Rymf6jQHR3bI=
-41,76,+ErlNZNnb8tIDAWroh6FdR1Ousw=,LqswCx+tsG1HRy+Rymf6jQHR3bI=
-42,76,+ErlNZNnb8tIDAWroh6FdR1Ousw=,LqswCx+tsG1HRy+Rymf6jQHR3bI=
-36,65,+ErlNZNnb8tIDAWroh6FdR1Ousw=,LqswCx+tsG1HRy+Rymf6jQHR3bI=
-43,76,+ErlNZNnb8tIDAWroh6FdR1Ousw=,LqswCx+tsG1HRy+Rymf6jQHR3bI=
-44,76,+ErlNZNnb8tIDAWroh6FdR1Ousw=,LqswCx+tsG1HRy+Rymf6jQHR3bI=
-34,64,+ErlNZNnb8tIDAWroh6FdR1Ousw=,LqswCx+tsG1HRy+Rymf6jQHR3bI=
-41,67,+ErlNZNnb8tIDAWroh6FdR1Ousw=,LqswCx+tsG1HRy+Rymf6jQHR3bI=
-45,76,+ErlNZNnb8tIDAWroh6FdR1Ousw=,LqswCx+tsG1HRy+Rymf6jQHR3bI=
-46,76,+ErlNZNnb8tIDAWroh6FdR1Ousw=,LqswCx+tsG1HRy+Rymf6jQHR3bI=
-47,76,+ErlNZNnb8tIDAWroh6FdR1Ousw=,LqswCx+tsG1HRy+Rymf6jQHR3bI=
-33,75,+ErlNZNnb8tIDAWroh6FdR1Ousw=,LqswCx+tsG1HRy+Rymf6jQHR3bI=
-48,76,+ErlNZNnb8tIDAWroh6FdR1Ousw=,LqswCx+tsG1HRy+Rymf6jQHR3bI=
-34,75,+ErlNZNnb8tIDAWroh6FdR1Ousw=,LqswCx+tsG1HRy+Rymf6jQHR3bI=
-35,75,+ErlNZNnb8tIDAWroh6FdR1Ousw=,LqswCx+tsG1HRy+Rymf6jQHR3bI=
-36,75,+ErlNZNnb8tIDAWroh6FdR1Ousw=,LqswCx+tsG1HRy+Rymf6jQHR3bI=
-37,75,+ErlNZNnb8tIDAWroh6FdR1Ousw=,LqswCx+tsG1HRy+Rymf6jQHR3bI=
-38,75,+ErlNZNnb8tIDAWroh6FdR1Ousw=,LqswCx+tsG1HRy+Rymf6jQHR3bI=
-39,75,+ErlNZNnb8tIDAWroh6FdR1Ousw=,LqswCx+tsG1HRy+Rymf6jQHR3bI=
-40,75,+ErlNZNnb8tIDAWroh6FdR1Ousw=,LqswCx+tsG1HRy+Rymf6jQHR3bI=
-41,75,+ErlNZNnb8tIDAWroh6FdR1Ousw=,LqswCx+tsG1HRy+Rymf6jQHR3bI=
-37,65,+ErlNZNnb8tIDAWroh6FdR1Ousw=,LqswCx+tsG1HRy+Rymf6jQHR3bI=
-42,75,+ErlNZNnb8tIDAWroh6FdR1Ousw=,LqswCx+tsG1HRy+Rymf6jQHR3bI=
-43,75,+ErlNZNnb8tIDAWroh6FdR1Ousw=,LqswCx+tsG1HRy+Rymf6jQHR3bI=
-35,64,+ErlNZNnb8tIDAWroh6FdR1Ousw=,LqswCx+tsG1HRy+Rymf6jQHR3bI=
-42,67,+ErlNZNnb8tIDAWroh6FdR1Ousw=,LqswCx+tsG1HRy+Rymf6jQHR3bI=
-44,75,+ErlNZNnb8tIDAWroh6FdR1Ousw=,LqswCx+tsG1HRy+Rymf6jQHR3bI=
-45,75,+ErlNZNnb8tIDAWroh6FdR1Ousw=,LqswCx+tsG1HRy+Rymf6jQHR3bI=
-46,75,+ErlNZNnb8tIDAWroh6FdR1Ousw=,LqswCx+tsG1HRy+Rymf6jQHR3bI=
-47,75,+ErlNZNnb8tIDAWroh6FdR1Ousw=,LqswCx+tsG1HRy+Rymf6jQHR3bI=
-48,75,+ErlNZNnb8tIDAWroh6FdR1Ousw=,LqswCx+tsG1HRy+Rymf6jQHR3bI=
-33,74,+ErlNZNnb8tIDAWroh6FdR1Ousw=,LqswCx+tsG1HRy+Rymf6jQHR3bI=
-34,74,+ErlNZNnb8tIDAWroh6FdR1Ousw=,LqswCx+tsG1HRy+Rymf6jQHR3bI=
-35,74,+ErlNZNnb8tIDAWroh6FdR1Ousw=,LqswCx+tsG1HRy+Rymf6jQHR3bI=
-36,74,+ErlNZNnb8tIDAWroh6FdR1Ousw=,LqswCx+tsG1HRy+Rymf6jQHR3bI=
-37,74,+ErlNZNnb8tIDAWroh6FdR1Ousw=,LqswCx+tsG1HRy+Rymf6jQHR3bI=
-38,74,+ErlNZNnb8tIDAWroh6FdR1Ousw=,LqswCx+tsG1HRy+Rymf6jQHR3bI=
-39,74,+ErlNZNnb8tIDAWroh6FdR1Ousw=,LqswCx+tsG1HRy+Rymf6jQHR3bI=
-40,74,+ErlNZNnb8tIDAWroh6FdR1Ousw=,LqswCx+tsG1HRy+Rymf6jQHR3bI=
-41,74,+ErlNZNnb8tIDAWroh6FdR1Ousw=,LqswCx+tsG1HRy+Rymf6jQHR3bI=
-38,65,+ErlNZNnb8tIDAWroh6FdR1Ousw=,LqswCx+tsG1HRy+Rymf6jQHR3bI=
-42,74,+ErlNZNnb8tIDAWroh6FdR1Ousw=,LqswCx+tsG1HRy+Rymf6jQHR3bI=
-36,64,+ErlNZNnb8tIDAWroh6FdR1Ousw=,LqswCx+tsG1HRy+Rymf6jQHR3bI=
-43,74,+ErlNZNnb8tIDAWroh6FdR1Ousw=,LqswCx+tsG1HRy+Rymf6jQHR3bI=
-43,67,+ErlNZNnb8tIDAWroh6FdR1Ousw=,LqswCx+tsG1HRy+Rymf6jQHR3bI=
-45,74,+ErlNZNnb8tIDAWroh6FdR1Ousw=,LqswCx+tsG1HRy+Rymf6jQHR3bI=
-44,74,+ErlNZNnb8tIDAWroh6FdR1Ousw=,LqswCx+tsG1HRy+Rymf6jQHR3bI=
-46,74,+ErlNZNnb8tIDAWroh6FdR1Ousw=,LqswCx+tsG1HRy+Rymf6jQHR3bI=
-48,74,+ErlNZNnb8tIDAWroh6FdR1Ousw=,LqswCx+tsG1HRy+Rymf6jQHR3bI=
-33,73,+ErlNZNnb8tIDAWroh6FdR1Ousw=,LqswCx+tsG1HRy+Rymf6jQHR3bI=
-47,74,+ErlNZNnb8tIDAWroh6FdR1Ousw=,LqswCx+tsG1HRy+Rymf6jQHR3bI=
-35,73,+ErlNZNnb8tIDAWroh6FdR1Ousw=,LqswCx+tsG1HRy+Rymf6jQHR3bI=
-34,73,+ErlNZNnb8tIDAWroh6FdR1Ousw=,LqswCx+tsG1HRy+Rymf6jQHR3bI=
-36,73,+ErlNZNnb8tIDAWroh6FdR1Ousw=,LqswCx+tsG1HRy+Rymf6jQHR3bI=
-38,73,+ErlNZNnb8tIDAWroh6FdR1Ousw=,LqswCx+tsG1HRy+Rymf6jQHR3bI=
-37,73,+ErlNZNnb8tIDAWroh6FdR1Ousw=,LqswCx+tsG1HRy+Rymf6jQHR3bI=
-39,73,+ErlNZNnb8tIDAWroh6FdR1Ousw=,LqswCx+tsG1HRy+Rymf6jQHR3bI=
-40,73,+ErlNZNnb8tIDAWroh6FdR1Ousw=,LqswCx+tsG1HRy+Rymf6jQHR3bI=
-39,65,+ErlNZNnb8tIDAWroh6FdR1Ousw=,LqswCx+tsG1HRy+Rymf6jQHR3bI=
-41,73,+ErlNZNnb8tIDAWroh6FdR1Ousw=,LqswCx+tsG1HRy+Rymf6jQHR3bI=
-37,64,+ErlNZNnb8tIDAWroh6FdR1Ousw=,LqswCx+tsG1HRy+Rymf6jQHR3bI=
-44,67,+ErlNZNnb8tIDAWroh6FdR1Ousw=,LqswCx+tsG1HRy+Rymf6jQHR3bI=
-42,73,+ErlNZNnb8tIDAWroh6FdR1Ousw=,LqswCx+tsG1HRy+Rymf6jQHR3bI=
-43,73,+ErlNZNnb8tIDAWroh6FdR1Ousw=,LqswCx+tsG1HRy+Rymf6jQHR3bI=
-44,73,+ErlNZNnb8tIDAWroh6FdR1Ousw=,LqswCx+tsG1HRy+Rymf6jQHR3bI=
-45,73,+ErlNZNnb8tIDAWroh6FdR1Ousw=,LqswCx+tsG1HRy+Rymf6jQHR3bI=
-46,73,+ErlNZNnb8tIDAWroh6FdR1Ousw=,LqswCx+tsG1HRy+Rymf6jQHR3bI=
-48,73,+ErlNZNnb8tIDAWroh6FdR1Ousw=,LqswCx+tsG1HRy+Rymf6jQHR3bI=
-33,72,+ErlNZNnb8tIDAWroh6FdR1Ousw=,LqswCx+tsG1HRy+Rymf6jQHR3bI=
-47,73,+ErlNZNnb8tIDAWroh6FdR1Ousw=,LqswCx+tsG1HRy+Rymf6jQHR3bI=
-34,72,+ErlNZNnb8tIDAWroh6FdR1Ousw=,LqswCx+tsG1HRy+Rymf6jQHR3bI=
-35,72,+ErlNZNnb8tIDAWroh6FdR1Ousw=,LqswCx+tsG1HRy+Rymf6jQHR3bI=
-36,72,+ErlNZNnb8tIDAWroh6FdR1Ousw=,LqswCx+tsG1HRy+Rymf6jQHR3bI=
-38,72,+ErlNZNnb8tIDAWroh6FdR1Ousw=,LqswCx+tsG1HRy+Rymf6jQHR3bI=
-37,72,+ErlNZNnb8tIDAWroh6FdR1Ousw=,LqswCx+tsG1HRy+Rymf6jQHR3bI=
-40,65,+ErlNZNnb8tIDAWroh6FdR1Ousw=,LqswCx+tsG1HRy+Rymf6jQHR3bI=
-39,72,+ErlNZNnb8tIDAWroh6FdR1Ousw=,LqswCx+tsG1HRy+Rymf6jQHR3bI=
-40,72,+ErlNZNnb8tIDAWroh6FdR1Ousw=,LqswCx+tsG1HRy+Rymf6jQHR3bI=
-45,67,+ErlNZNnb8tIDAWroh6FdR1Ousw=,LqswCx+tsG1HRy+Rymf6jQHR3bI=
-38,64,+ErlNZNnb8tIDAWroh6FdR1Ousw=,LqswCx+tsG1HRy+Rymf6jQHR3bI=
-42,72,+ErlNZNnb8tIDAWroh6FdR1Ousw=,LqswCx+tsG1HRy+Rymf6jQHR3bI=
-43,72,+ErlNZNnb8tIDAWroh6FdR1Ousw=,LqswCx+tsG1HRy+Rymf6jQHR3bI=
-41,72,+ErlNZNnb8tIDAWroh6FdR1Ousw=,LqswCx+tsG1HRy+Rymf6jQHR3bI=
-45,72,+ErlNZNnb8tIDAWroh6FdR1Ousw=,LqswCx+tsG1HRy+Rymf6jQHR3bI=
-44,72,+ErlNZNnb8tIDAWroh6FdR1Ousw=,LqswCx+tsG1HRy+Rymf6jQHR3bI=
-46,72,+ErlNZNnb8tIDAWroh6FdR1Ousw=,LqswCx+tsG1HRy+Rymf6jQHR3bI=
-47,72,+ErlNZNnb8tIDAWroh6FdR1Ousw=,LqswCx+tsG1HRy+Rymf6jQHR3bI=
-48,72,+ErlNZNnb8tIDAWroh6FdR1Ousw=,LqswCx+tsG1HRy+Rymf6jQHR3bI=
-34,71,+ErlNZNnb8tIDAWroh6FdR1Ousw=,LqswCx+tsG1HRy+Rymf6jQHR3bI=
-33,71,+ErlNZNnb8tIDAWroh6FdR1Ousw=,LqswCx+tsG1HRy+Rymf6jQHR3bI=
-35,71,+ErlNZNnb8tIDAWroh6FdR1Ousw=,LqswCx+tsG1HRy+Rymf6jQHR3bI=
-37,71,+ErlNZNnb8tIDAWroh6FdR1Ousw=,LqswCx+tsG1HRy+Rymf6jQHR3bI=
-36,71,+ErlNZNnb8tIDAWroh6FdR1Ousw=,LqswCx+tsG1HRy+Rymf6jQHR3bI=
-38,71,+ErlNZNnb8tIDAWroh6FdR1Ousw=,LqswCx+tsG1HRy+Rymf6jQHR3bI=
-41,65,+ErlNZNnb8tIDAWroh6FdR1Ousw=,LqswCx+tsG1HRy+Rymf6jQHR3bI=
-39,71,+ErlNZNnb8tIDAWroh6FdR1Ousw=,LqswCx+tsG1HRy+Rymf6jQHR3bI=
-46,67,+ErlNZNnb8tIDAWroh6FdR1Ousw=,LqswCx+tsG1HRy+Rymf6jQHR3bI=
-39,64,+ErlNZNnb8tIDAWroh6FdR1Ousw=,LqswCx+tsG1HRy+Rymf6jQHR3bI=
-41,71,+ErlNZNnb8tIDAWroh6FdR1Ousw=,LqswCx+tsG1HRy+Rymf6jQHR3bI=
-40,71,+ErlNZNnb8tIDAWroh6FdR1Ousw=,LqswCx+tsG1HRy+Rymf6jQHR3bI=
-42,71,+ErlNZNnb8tIDAWroh6FdR1Ousw=,LqswCx+tsG1HRy+Rymf6jQHR3bI=
-43,71,+ErlNZNnb8tIDAWroh6FdR1Ousw=,LqswCx+tsG1HRy+Rymf6jQHR3bI=
-44,71,+ErlNZNnb8tIDAWroh6FdR1Ousw=,LqswCx+tsG1HRy+Rymf6jQHR3bI=
-45,71,+ErlNZNnb8tIDAWroh6FdR1Ousw=,LqswCx+tsG1HRy+Rymf6jQHR3bI=
-47,71,+ErlNZNnb8tIDAWroh6FdR1Ousw=,LqswCx+tsG1HRy+Rymf6jQHR3bI=
-46,71,+ErlNZNnb8tIDAWroh6FdR1Ousw=,LqswCx+tsG1HRy+Rymf6jQHR3bI=
-48,71,+ErlNZNnb8tIDAWroh6FdR1Ousw=,LqswCx+tsG1HRy+Rymf6jQHR3bI=
-33,70,+ErlNZNnb8tIDAWroh6FdR1Ousw=,LqswCx+tsG1HRy+Rymf6jQHR3bI=
-34,70,+ErlNZNnb8tIDAWroh6FdR1Ousw=,LqswCx+tsG1HRy+Rymf6jQHR3bI=
-36,70,+ErlNZNnb8tIDAWroh6FdR1Ousw=,LqswCx+tsG1HRy+Rymf6jQHR3bI=
-35,70,+ErlNZNnb8tIDAWroh6FdR1Ousw=,LqswCx+tsG1HRy+Rymf6jQHR3bI=
-42,65,+ErlNZNnb8tIDAWroh6FdR1Ousw=,LqswCx+tsG1HRy+Rymf6jQHR3bI=
-37,70,+ErlNZNnb8tIDAWroh6FdR1Ousw=,LqswCx+tsG1HRy+Rymf6jQHR3bI=
-38,70,+ErlNZNnb8tIDAWroh6FdR1Ousw=,LqswCx+tsG1HRy+Rymf6jQHR3bI=
-40,64,+ErlNZNnb8tIDAWroh6FdR1Ousw=,LqswCx+tsG1HRy+Rymf6jQHR3bI=
-47,67,+ErlNZNnb8tIDAWroh6FdR1Ousw=,LqswCx+tsG1HRy+Rymf6jQHR3bI=
-39,70,+ErlNZNnb8tIDAWroh6FdR1Ousw=,LqswCx+tsG1HRy+Rymf6jQHR3bI=
-40,70,+ErlNZNnb8tIDAWroh6FdR1Ousw=,LqswCx+tsG1HRy+Rymf6jQHR3bI=
-41,70,+ErlNZNnb8tIDAWroh6FdR1Ousw=,LqswCx+tsG1HRy+Rymf6jQHR3bI=
-42,70,+ErlNZNnb8tIDAWroh6FdR1Ousw=,LqswCx+tsG1HRy+Rymf6jQHR3bI=
-44,70,+ErlNZNnb8tIDAWroh6FdR1Ousw=,LqswCx+tsG1HRy+Rymf6jQHR3bI=
-43,70,+ErlNZNnb8tIDAWroh6FdR1Ousw=,LqswCx+tsG1HRy+Rymf6jQHR3bI=
-45,70,+ErlNZNnb8tIDAWroh6FdR1Ousw=,LqswCx+tsG1HRy+Rymf6jQHR3bI=
-46,70,+ErlNZNnb8tIDAWroh6FdR1Ousw=,LqswCx+tsG1HRy+Rymf6jQHR3bI=
-47,70,+ErlNZNnb8tIDAWroh6FdR1Ousw=,LqswCx+tsG1HRy+Rymf6jQHR3bI=
-48,70,+ErlNZNnb8tIDAWroh6FdR1Ousw=,LqswCx+tsG1HRy+Rymf6jQHR3bI=
-33,69,+ErlNZNnb8tIDAWroh6FdR1Ousw=,LqswCx+tsG1HRy+Rymf6jQHR3bI=
-34,69,+ErlNZNnb8tIDAWroh6FdR1Ousw=,LqswCx+tsG1HRy+Rymf6jQHR3bI=
-35,69,+ErlNZNnb8tIDAWroh6FdR1Ousw=,LqswCx+tsG1HRy+Rymf6jQHR3bI=
-36,69,+ErlNZNnb8tIDAWroh6FdR1Ousw=,LqswCx+tsG1HRy+Rymf6jQHR3bI=
-43,65,+ErlNZNnb8tIDAWroh6FdR1Ousw=,LqswCx+tsG1HRy+Rymf6jQHR3bI=
-37,69,+ErlNZNnb8tIDAWroh6FdR1Ousw=,LqswCx+tsG1HRy+Rymf6jQHR3bI=
-41,64,+ErlNZNnb8tIDAWroh6FdR1Ousw=,LqswCx+tsG1HRy+Rymf6jQHR3bI=
-44,65,+ErlNZNnb8tIDAWroh6FdR1Ousw=,LqswCx+tsG1HRy+Rymf6jQHR3bI=
-34,68,+ErlNZNnb8tIDAWroh6FdR1Ousw=,LqswCx+tsG1HRy+Rymf6jQHR3bI=
-48,64,+ErlNZNnb8tIDAWroh6FdR1Ousw=,LqswCx+tsG1HRy+Rymf6jQHR3bI=
-33,68,+ErlNZNnb8tIDAWroh6FdR1Ousw=,LqswCx+tsG1HRy+Rymf6jQHR3bI=
-45,65,+ErlNZNnb8tIDAWroh6FdR1Ousw=,LqswCx+tsG1HRy+Rymf6jQHR3bI=
-48,69,+ErlNZNnb8tIDAWroh6FdR1Ousw=,LqswCx+tsG1HRy+Rymf6jQHR3bI=
-46,69,+ErlNZNnb8tIDAWroh6FdR1Ousw=,LqswCx+tsG1HRy+Rymf6jQHR3bI=
-47,69,+ErlNZNnb8tIDAWroh6FdR1Ousw=,LqswCx+tsG1HRy+Rymf6jQHR3bI=
-45,69,+ErlNZNnb8tIDAWroh6FdR1Ousw=,LqswCx+tsG1HRy+Rymf6jQHR3bI=
-44,69,+ErlNZNnb8tIDAWroh6FdR1Ousw=,LqswCx+tsG1HRy+Rymf6jQHR3bI=
-43,69,+ErlNZNnb8tIDAWroh6FdR1Ousw=,LqswCx+tsG1HRy+Rymf6jQHR3bI=
-42,69,+ErlNZNnb8tIDAWroh6FdR1Ousw=,LqswCx+tsG1HRy+Rymf6jQHR3bI=
-41,69,+ErlNZNnb8tIDAWroh6FdR1Ousw=,LqswCx+tsG1HRy+Rymf6jQHR3bI=
-40,69,+ErlNZNnb8tIDAWroh6FdR1Ousw=,LqswCx+tsG1HRy+Rymf6jQHR3bI=
-39,69,+ErlNZNnb8tIDAWroh6FdR1Ousw=,LqswCx+tsG1HRy+Rymf6jQHR3bI=
-38,69,+ErlNZNnb8tIDAWroh6FdR1Ousw=,LqswCx+tsG1HRy+Rymf6jQHR3bI=
-48,67,+ErlNZNnb8tIDAWroh6FdR1Ousw=,LqswCx+tsG1HRy+Rymf6jQHR3bI=
